anual;mes;Territorio;Medida;Valor
2009;Enero;Almeria;Indice de precios hoteleros;100,7
2009;Enero;Cadiz;Indice de precios hoteleros;94,5
2009;Enero;Cordoba;Indice de precios hoteleros;98,3
2009;Enero;Granada;Indice de precios hoteleros;97,0
2009;Enero;Huelva;Indice de precios hoteleros;89,6
2009;Enero;Jaen;Indice de precios hoteleros;98,3
2009;Enero;Malaga;Indice de precios hoteleros;100,6
2009;Enero;Sevilla;Indice de precios hoteleros;92,7
2009;Febrero;Almeria;Indice de precios hoteleros;100,2
2009;Febrero;Cadiz;Indice de precios hoteleros;91,9
2009;Febrero;Cordoba;Indice de precios hoteleros;96,3
2009;Febrero;Granada;Indice de precios hoteleros;94,2
2009;Febrero;Huelva;Indice de precios hoteleros;105,1
2009;Febrero;Jaen;Indice de precios hoteleros;98,3
2009;Febrero;Malaga;Indice de precios hoteleros;98,1
2009;Febrero;Sevilla;Indice de precios hoteleros;93,0
2009;Marzo;Almeria;Indice de precios hoteleros;96,1
2009;Marzo;Cadiz;Indice de precios hoteleros;85,4
2009;Marzo;Cordoba;Indice de precios hoteleros;89,3
2009;Marzo;Granada;Indice de precios hoteleros;90,8
2009;Marzo;Huelva;Indice de precios hoteleros;87,8
2009;Marzo;Jaen;Indice de precios hoteleros;93,5
2009;Marzo;Malaga;Indice de precios hoteleros;91,5
2009;Marzo;Sevilla;Indice de precios hoteleros;84,0
2009;Abril;Almeria;Indice de precios hoteleros;102,3
2009;Abril;Cadiz;Indice de precios hoteleros;93,2
2009;Abril;Cordoba;Indice de precios hoteleros;96,3
2009;Abril;Granada;Indice de precios hoteleros;96,7
2009;Abril;Huelva;Indice de precios hoteleros;86,3
2009;Abril;Jaen;Indice de precios hoteleros;97,7
2009;Abril;Malaga;Indice de precios hoteleros;99,2
2009;Abril;Sevilla;Indice de precios hoteleros;91,2
2009;Mayo;Almeria;Indice de precios hoteleros;101,2
2009;Mayo;Cadiz;Indice de precios hoteleros;93,3
2009;Mayo;Cordoba;Indice de precios hoteleros;98,9
2009;Mayo;Granada;Indice de precios hoteleros;97,1
2009;Mayo;Huelva;Indice de precios hoteleros;82,0
2009;Mayo;Jaen;Indice de precios hoteleros;98,2
2009;Mayo;Malaga;Indice de precios hoteleros;97,0
2009;Mayo;Sevilla;Indice de precios hoteleros;92,4
2009;Junio;Almeria;Indice de precios hoteleros;98,7
2009;Junio;Cadiz;Indice de precios hoteleros;95,4
2009;Junio;Cordoba;Indice de precios hoteleros;93,5
2009;Junio;Granada;Indice de precios hoteleros;91,8
2009;Junio;Huelva;Indice de precios hoteleros;87,3
2009;Junio;Jaen;Indice de precios hoteleros;97,0
2009;Junio;Malaga;Indice de precios hoteleros;98,7
2009;Junio;Sevilla;Indice de precios hoteleros;91,1
2009;Julio;Almeria;Indice de precios hoteleros;94,8
2009;Julio;Cadiz;Indice de precios hoteleros;96,2
2009;Julio;Cordoba;Indice de precios hoteleros;97,5
2009;Julio;Granada;Indice de precios hoteleros;94,4
2009;Julio;Huelva;Indice de precios hoteleros;92,4
2009;Julio;Jaen;Indice de precios hoteleros;97,6
2009;Julio;Malaga;Indice de precios hoteleros;95,4
2009;Julio;Sevilla;Indice de precios hoteleros;87,9
2009;Agosto;Almeria;Indice de precios hoteleros;94,8
2009;Agosto;Cadiz;Indice de precios hoteleros;101,4
2009;Agosto;Cordoba;Indice de precios hoteleros;93,2
2009;Agosto;Granada;Indice de precios hoteleros;96,4
2009;Agosto;Huelva;Indice de precios hoteleros;93,6
2009;Agosto;Jaen;Indice de precios hoteleros;99,9
2009;Agosto;Malaga;Indice de precios hoteleros;97,3
2009;Agosto;Sevilla;Indice de precios hoteleros;94,5
2009;Septiembre;Almeria;Indice de precios hoteleros;95,6
2009;Septiembre;Cadiz;Indice de precios hoteleros;96,4
2009;Septiembre;Cordoba;Indice de precios hoteleros;92,2
2009;Septiembre;Granada;Indice de precios hoteleros;95,3
2009;Septiembre;Huelva;Indice de precios hoteleros;89,1
2009;Septiembre;Jaen;Indice de precios hoteleros;98,6
2009;Septiembre;Malaga;Indice de precios hoteleros;93,7
2009;Septiembre;Sevilla;Indice de precios hoteleros;90,6
2009;Octubre;Almeria;Indice de precios hoteleros;100,6
2009;Octubre;Cadiz;Indice de precios hoteleros;93,7
2009;Octubre;Cordoba;Indice de precios hoteleros;94,9
2009;Octubre;Granada;Indice de precios hoteleros;95,1
2009;Octubre;Huelva;Indice de precios hoteleros;92,8
2009;Octubre;Jaen;Indice de precios hoteleros;100,6
2009;Octubre;Malaga;Indice de precios hoteleros;97,7
2009;Octubre;Sevilla;Indice de precios hoteleros;94,1
2009;Noviembre;Almeria;Indice de precios hoteleros;103,4
2009;Noviembre;Cadiz;Indice de precios hoteleros;93,4
2009;Noviembre;Cordoba;Indice de precios hoteleros;98,0
2009;Noviembre;Granada;Indice de precios hoteleros;94,9
2009;Noviembre;Huelva;Indice de precios hoteleros;99,2
2009;Noviembre;Jaen;Indice de precios hoteleros;98,1
2009;Noviembre;Malaga;Indice de precios hoteleros;98,3
2009;Noviembre;Sevilla;Indice de precios hoteleros;96,0
2009;Diciembre;Almeria;Indice de precios hoteleros;101,1
2009;Diciembre;Cadiz;Indice de precios hoteleros;94,0
2009;Diciembre;Cordoba;Indice de precios hoteleros;107,5
2009;Diciembre;Granada;Indice de precios hoteleros;96,6
2009;Diciembre;Huelva;Indice de precios hoteleros;103,8
2009;Diciembre;Jaen;Indice de precios hoteleros;94,8
2009;Diciembre;Malaga;Indice de precios hoteleros;101,2
2009;Diciembre;Sevilla;Indice de precios hoteleros;96,8
2010;Enero;Almeria;Indice de precios hoteleros;99,5
2010;Enero;Cadiz;Indice de precios hoteleros;92,2
2010;Enero;Cordoba;Indice de precios hoteleros;95,7
2010;Enero;Granada;Indice de precios hoteleros;91,0
2010;Enero;Huelva;Indice de precios hoteleros;93,7
2010;Enero;Jaen;Indice de precios hoteleros;98,5
2010;Enero;Malaga;Indice de precios hoteleros;97,3
2010;Enero;Sevilla;Indice de precios hoteleros;89,5
2010;Febrero;Almeria;Indice de precios hoteleros;99,8
2010;Febrero;Cadiz;Indice de precios hoteleros;86,6
2010;Febrero;Cordoba;Indice de precios hoteleros;91,7
2010;Febrero;Granada;Indice de precios hoteleros;90,4
2010;Febrero;Huelva;Indice de precios hoteleros;105,5
2010;Febrero;Jaen;Indice de precios hoteleros;98,7
2010;Febrero;Malaga;Indice de precios hoteleros;98,3
2010;Febrero;Sevilla;Indice de precios hoteleros;89,9
2010;Marzo;Almeria;Indice de precios hoteleros;99,4
2010;Marzo;Cadiz;Indice de precios hoteleros;84,8
2010;Marzo;Cordoba;Indice de precios hoteleros;87,7
2010;Marzo;Granada;Indice de precios hoteleros;87,4
2010;Marzo;Huelva;Indice de precios hoteleros;78,5
2010;Marzo;Jaen;Indice de precios hoteleros;94,8
2010;Marzo;Malaga;Indice de precios hoteleros;91,8
2010;Marzo;Sevilla;Indice de precios hoteleros;85,2
2010;Abril;Almeria;Indice de precios hoteleros;108,1
2010;Abril;Cadiz;Indice de precios hoteleros;89,1
2010;Abril;Cordoba;Indice de precios hoteleros;92,9
2010;Abril;Granada;Indice de precios hoteleros;91,7
2010;Abril;Huelva;Indice de precios hoteleros;82,3
2010;Abril;Jaen;Indice de precios hoteleros;95,3
2010;Abril;Malaga;Indice de precios hoteleros;96,5
2010;Abril;Sevilla;Indice de precios hoteleros;93,9
2010;Mayo;Almeria;Indice de precios hoteleros;99,1
2010;Mayo;Cadiz;Indice de precios hoteleros;88,8
2010;Mayo;Cordoba;Indice de precios hoteleros;96,2
2010;Mayo;Granada;Indice de precios hoteleros;92,3
2010;Mayo;Huelva;Indice de precios hoteleros;74,4
2010;Mayo;Jaen;Indice de precios hoteleros;94,2
2010;Mayo;Malaga;Indice de precios hoteleros;95,3
2010;Mayo;Sevilla;Indice de precios hoteleros;90,9
2010;Junio;Almeria;Indice de precios hoteleros;96,5
2010;Junio;Cadiz;Indice de precios hoteleros;91,3
2010;Junio;Cordoba;Indice de precios hoteleros;93,2
2010;Junio;Granada;Indice de precios hoteleros;90,7
2010;Junio;Huelva;Indice de precios hoteleros;84,9
2010;Junio;Jaen;Indice de precios hoteleros;95,2
2010;Junio;Malaga;Indice de precios hoteleros;98,4
2010;Junio;Sevilla;Indice de precios hoteleros;88,8
2010;Julio;Almeria;Indice de precios hoteleros;92,4
2010;Julio;Cadiz;Indice de precios hoteleros;93,1
2010;Julio;Cordoba;Indice de precios hoteleros;94,1
2010;Julio;Granada;Indice de precios hoteleros;87,8
2010;Julio;Huelva;Indice de precios hoteleros;83,9
2010;Julio;Jaen;Indice de precios hoteleros;96,4
2010;Julio;Malaga;Indice de precios hoteleros;96,5
2010;Julio;Sevilla;Indice de precios hoteleros;88,7
2010;Agosto;Almeria;Indice de precios hoteleros;96,9
2010;Agosto;Cadiz;Indice de precios hoteleros;98,8
2010;Agosto;Cordoba;Indice de precios hoteleros;88,3
2010;Agosto;Granada;Indice de precios hoteleros;93,3
2010;Agosto;Huelva;Indice de precios hoteleros;88,4
2010;Agosto;Jaen;Indice de precios hoteleros;96,8
2010;Agosto;Malaga;Indice de precios hoteleros;96,7
2010;Agosto;Sevilla;Indice de precios hoteleros;91,9
2010;Septiembre;Almeria;Indice de precios hoteleros;90,8
2010;Septiembre;Cadiz;Indice de precios hoteleros;90,6
2010;Septiembre;Cordoba;Indice de precios hoteleros;93,1
2010;Septiembre;Granada;Indice de precios hoteleros;92,8
2010;Septiembre;Huelva;Indice de precios hoteleros;90,5
2010;Septiembre;Jaen;Indice de precios hoteleros;93,8
2010;Septiembre;Malaga;Indice de precios hoteleros;93,4
2010;Septiembre;Sevilla;Indice de precios hoteleros;92,1
2010;Octubre;Almeria;Indice de precios hoteleros;96,6
2010;Octubre;Cadiz;Indice de precios hoteleros;91,8
2010;Octubre;Cordoba;Indice de precios hoteleros;96,2
2010;Octubre;Granada;Indice de precios hoteleros;91,6
2010;Octubre;Huelva;Indice de precios hoteleros;89,9
2010;Octubre;Jaen;Indice de precios hoteleros;99,3
2010;Octubre;Malaga;Indice de precios hoteleros;93,5
2010;Octubre;Sevilla;Indice de precios hoteleros;93,1
2010;Noviembre;Almeria;Indice de precios hoteleros;105,2
2010;Noviembre;Cadiz;Indice de precios hoteleros;89,4
2010;Noviembre;Cordoba;Indice de precios hoteleros;95,3
2010;Noviembre;Granada;Indice de precios hoteleros;89,7
2010;Noviembre;Huelva;Indice de precios hoteleros;92,7
2010;Noviembre;Jaen;Indice de precios hoteleros;97,9
2010;Noviembre;Malaga;Indice de precios hoteleros;97,1
2010;Noviembre;Sevilla;Indice de precios hoteleros;95,8
2010;Diciembre;Almeria;Indice de precios hoteleros;104,5
2010;Diciembre;Cadiz;Indice de precios hoteleros;90,7
2010;Diciembre;Cordoba;Indice de precios hoteleros;102,0
2010;Diciembre;Granada;Indice de precios hoteleros;93,6
2010;Diciembre;Huelva;Indice de precios hoteleros;101,3
2010;Diciembre;Jaen;Indice de precios hoteleros;92,6
2010;Diciembre;Malaga;Indice de precios hoteleros;99,5
2010;Diciembre;Sevilla;Indice de precios hoteleros;97,5
2011;Enero;Almeria;Indice de precios hoteleros;95,0
2011;Enero;Cadiz;Indice de precios hoteleros;87,7
2011;Enero;Cordoba;Indice de precios hoteleros;94,0
2011;Enero;Granada;Indice de precios hoteleros;86,4
2011;Enero;Huelva;Indice de precios hoteleros;99,0
2011;Enero;Jaen;Indice de precios hoteleros;98,3
2011;Enero;Malaga;Indice de precios hoteleros;96,9
2011;Enero;Sevilla;Indice de precios hoteleros;86,9
2011;Febrero;Almeria;Indice de precios hoteleros;96,4
2011;Febrero;Cadiz;Indice de precios hoteleros;83,6
2011;Febrero;Cordoba;Indice de precios hoteleros;94,1
2011;Febrero;Granada;Indice de precios hoteleros;85,9
2011;Febrero;Huelva;Indice de precios hoteleros;107,2
2011;Febrero;Jaen;Indice de precios hoteleros;97,5
2011;Febrero;Malaga;Indice de precios hoteleros;97,1
2011;Febrero;Sevilla;Indice de precios hoteleros;90,8
2011;Marzo;Almeria;Indice de precios hoteleros;94,5
2011;Marzo;Cadiz;Indice de precios hoteleros;77,0
2011;Marzo;Cordoba;Indice de precios hoteleros;85,9
2011;Marzo;Granada;Indice de precios hoteleros;81,7
2011;Marzo;Huelva;Indice de precios hoteleros;89,1
2011;Marzo;Jaen;Indice de precios hoteleros;91,3
2011;Marzo;Malaga;Indice de precios hoteleros;88,8
2011;Marzo;Sevilla;Indice de precios hoteleros;81,8
2011;Abril;Almeria;Indice de precios hoteleros;100,4
2011;Abril;Cadiz;Indice de precios hoteleros;89,3
2011;Abril;Cordoba;Indice de precios hoteleros;95,5
2011;Abril;Granada;Indice de precios hoteleros;90,2
2011;Abril;Huelva;Indice de precios hoteleros;86,1
2011;Abril;Jaen;Indice de precios hoteleros;94,4
2011;Abril;Malaga;Indice de precios hoteleros;92,2
2011;Abril;Sevilla;Indice de precios hoteleros;87,9
2011;Mayo;Almeria;Indice de precios hoteleros;94,6
2011;Mayo;Cadiz;Indice de precios hoteleros;86,8
2011;Mayo;Cordoba;Indice de precios hoteleros;96,4
2011;Mayo;Granada;Indice de precios hoteleros;88,4
2011;Mayo;Huelva;Indice de precios hoteleros;85,5
2011;Mayo;Jaen;Indice de precios hoteleros;93,5
2011;Mayo;Malaga;Indice de precios hoteleros;94,1
2011;Mayo;Sevilla;Indice de precios hoteleros;91,4
2011;Junio;Almeria;Indice de precios hoteleros;94,9
2011;Junio;Cadiz;Indice de precios hoteleros;84,7
2011;Junio;Cordoba;Indice de precios hoteleros;92,1
2011;Junio;Granada;Indice de precios hoteleros;84,6
2011;Junio;Huelva;Indice de precios hoteleros;89,9
2011;Junio;Jaen;Indice de precios hoteleros;93,9
2011;Junio;Malaga;Indice de precios hoteleros;96,8
2011;Junio;Sevilla;Indice de precios hoteleros;88,9
2011;Julio;Almeria;Indice de precios hoteleros;98,2
2011;Julio;Cadiz;Indice de precios hoteleros;89,8
2011;Julio;Cordoba;Indice de precios hoteleros;92,5
2011;Julio;Granada;Indice de precios hoteleros;85,1
2011;Julio;Huelva;Indice de precios hoteleros;92,7
2011;Julio;Jaen;Indice de precios hoteleros;95,6
2011;Julio;Malaga;Indice de precios hoteleros;95,0
2011;Julio;Sevilla;Indice de precios hoteleros;87,7
2011;Agosto;Almeria;Indice de precios hoteleros;94,6
2011;Agosto;Cadiz;Indice de precios hoteleros;93,8
2011;Agosto;Cordoba;Indice de precios hoteleros;86,6
2011;Agosto;Granada;Indice de precios hoteleros;92,1
2011;Agosto;Huelva;Indice de precios hoteleros;92,6
2011;Agosto;Jaen;Indice de precios hoteleros;98,3
2011;Agosto;Malaga;Indice de precios hoteleros;95,8
2011;Agosto;Sevilla;Indice de precios hoteleros;89,7
2011;Septiembre;Almeria;Indice de precios hoteleros;90,9
2011;Septiembre;Cadiz;Indice de precios hoteleros;87,1
2011;Septiembre;Cordoba;Indice de precios hoteleros;88,3
2011;Septiembre;Granada;Indice de precios hoteleros;90,9
2011;Septiembre;Huelva;Indice de precios hoteleros;99,3
2011;Septiembre;Jaen;Indice de precios hoteleros;95,5
2011;Septiembre;Malaga;Indice de precios hoteleros;93,0
2011;Septiembre;Sevilla;Indice de precios hoteleros;90,0
2011;Octubre;Almeria;Indice de precios hoteleros;92,1
2011;Octubre;Cadiz;Indice de precios hoteleros;88,2
2011;Octubre;Cordoba;Indice de precios hoteleros;98,0
2011;Octubre;Granada;Indice de precios hoteleros;87,0
2011;Octubre;Huelva;Indice de precios hoteleros;94,4
2011;Octubre;Jaen;Indice de precios hoteleros;97,8
2011;Octubre;Malaga;Indice de precios hoteleros;92,0
2011;Octubre;Sevilla;Indice de precios hoteleros;93,9
2011;Noviembre;Almeria;Indice de precios hoteleros;105,6
2011;Noviembre;Cadiz;Indice de precios hoteleros;88,3
2011;Noviembre;Cordoba;Indice de precios hoteleros;93,9
2011;Noviembre;Granada;Indice de precios hoteleros;86,4
2011;Noviembre;Huelva;Indice de precios hoteleros;85,8
2011;Noviembre;Jaen;Indice de precios hoteleros;97,8
2011;Noviembre;Malaga;Indice de precios hoteleros;94,3
2011;Noviembre;Sevilla;Indice de precios hoteleros;94,3
2011;Diciembre;Almeria;Indice de precios hoteleros;99,5
2011;Diciembre;Cadiz;Indice de precios hoteleros;89,0
2011;Diciembre;Cordoba;Indice de precios hoteleros;97,1
2011;Diciembre;Granada;Indice de precios hoteleros;90,0
2011;Diciembre;Huelva;Indice de precios hoteleros;88,0
2011;Diciembre;Jaen;Indice de precios hoteleros;92,2
2011;Diciembre;Malaga;Indice de precios hoteleros;96,8
2011;Diciembre;Sevilla;Indice de precios hoteleros;95,8
2012;Enero;Almeria;Indice de precios hoteleros;95,8
2012;Enero;Cadiz;Indice de precios hoteleros;88,4
2012;Enero;Cordoba;Indice de precios hoteleros;90,4
2012;Enero;Granada;Indice de precios hoteleros;85,2
2012;Enero;Huelva;Indice de precios hoteleros;89,2
2012;Enero;Jaen;Indice de precios hoteleros;98,3
2012;Enero;Malaga;Indice de precios hoteleros;94,8
2012;Enero;Sevilla;Indice de precios hoteleros;86,9
2012;Febrero;Almeria;Indice de precios hoteleros;94,6
2012;Febrero;Cadiz;Indice de precios hoteleros;84,6
2012;Febrero;Cordoba;Indice de precios hoteleros;88,5
2012;Febrero;Granada;Indice de precios hoteleros;86,7
2012;Febrero;Huelva;Indice de precios hoteleros;116,2
2012;Febrero;Jaen;Indice de precios hoteleros;93,3
2012;Febrero;Malaga;Indice de precios hoteleros;93,0
2012;Febrero;Sevilla;Indice de precios hoteleros;88,1
2012;Marzo;Almeria;Indice de precios hoteleros;91,6
2012;Marzo;Cadiz;Indice de precios hoteleros;76,4
2012;Marzo;Cordoba;Indice de precios hoteleros;81,6
2012;Marzo;Granada;Indice de precios hoteleros;83,9
2012;Marzo;Huelva;Indice de precios hoteleros;78,4
2012;Marzo;Jaen;Indice de precios hoteleros;87,0
2012;Marzo;Malaga;Indice de precios hoteleros;86,1
2012;Marzo;Sevilla;Indice de precios hoteleros;80,0
2012;Abril;Almeria;Indice de precios hoteleros;97,4
2012;Abril;Cadiz;Indice de precios hoteleros;86,1
2012;Abril;Cordoba;Indice de precios hoteleros;89,1
2012;Abril;Granada;Indice de precios hoteleros;92,0
2012;Abril;Huelva;Indice de precios hoteleros;83,2
2012;Abril;Jaen;Indice de precios hoteleros;90,7
2012;Abril;Malaga;Indice de precios hoteleros;92,7
2012;Abril;Sevilla;Indice de precios hoteleros;90,6
2012;Mayo;Almeria;Indice de precios hoteleros;94,0
2012;Mayo;Cadiz;Indice de precios hoteleros;85,4
2012;Mayo;Cordoba;Indice de precios hoteleros;93,1
2012;Mayo;Granada;Indice de precios hoteleros;90,7
2012;Mayo;Huelva;Indice de precios hoteleros;85,0
2012;Mayo;Jaen;Indice de precios hoteleros;90,9
2012;Mayo;Malaga;Indice de precios hoteleros;92,4
2012;Mayo;Sevilla;Indice de precios hoteleros;85,3
2012;Junio;Almeria;Indice de precios hoteleros;94,1
2012;Junio;Cadiz;Indice de precios hoteleros;84,4
2012;Junio;Cordoba;Indice de precios hoteleros;85,6
2012;Junio;Granada;Indice de precios hoteleros;87,8
2012;Junio;Huelva;Indice de precios hoteleros;85,6
2012;Junio;Jaen;Indice de precios hoteleros;91,9
2012;Junio;Malaga;Indice de precios hoteleros;96,4
2012;Junio;Sevilla;Indice de precios hoteleros;83,4
2012;Julio;Almeria;Indice de precios hoteleros;96,1
2012;Julio;Cadiz;Indice de precios hoteleros;87,5
2012;Julio;Cordoba;Indice de precios hoteleros;91,6
2012;Julio;Granada;Indice de precios hoteleros;89,6
2012;Julio;Huelva;Indice de precios hoteleros;89,7
2012;Julio;Jaen;Indice de precios hoteleros;90,5
2012;Julio;Malaga;Indice de precios hoteleros;93,1
2012;Julio;Sevilla;Indice de precios hoteleros;87,1
2012;Agosto;Almeria;Indice de precios hoteleros;91,5
2012;Agosto;Cadiz;Indice de precios hoteleros;87,4
2012;Agosto;Cordoba;Indice de precios hoteleros;83,4
2012;Agosto;Granada;Indice de precios hoteleros;90,9
2012;Agosto;Huelva;Indice de precios hoteleros;89,2
2012;Agosto;Jaen;Indice de precios hoteleros;94,7
2012;Agosto;Malaga;Indice de precios hoteleros;95,1
2012;Agosto;Sevilla;Indice de precios hoteleros;87,3
2012;Septiembre;Almeria;Indice de precios hoteleros;83,2
2012;Septiembre;Cadiz;Indice de precios hoteleros;82,1
2012;Septiembre;Cordoba;Indice de precios hoteleros;81,2
2012;Septiembre;Granada;Indice de precios hoteleros;89,5
2012;Septiembre;Huelva;Indice de precios hoteleros;92,5
2012;Septiembre;Jaen;Indice de precios hoteleros;90,4
2012;Septiembre;Malaga;Indice de precios hoteleros;90,4
2012;Septiembre;Sevilla;Indice de precios hoteleros;87,3
2012;Octubre;Almeria;Indice de precios hoteleros;88,3
2012;Octubre;Cadiz;Indice de precios hoteleros;81,0
2012;Octubre;Cordoba;Indice de precios hoteleros;91,2
2012;Octubre;Granada;Indice de precios hoteleros;87,3
2012;Octubre;Huelva;Indice de precios hoteleros;95,9
2012;Octubre;Jaen;Indice de precios hoteleros;92,5
2012;Octubre;Malaga;Indice de precios hoteleros;90,6
2012;Octubre;Sevilla;Indice de precios hoteleros;86,6
2012;Noviembre;Almeria;Indice de precios hoteleros;98,6
2012;Noviembre;Cadiz;Indice de precios hoteleros;84,6
2012;Noviembre;Cordoba;Indice de precios hoteleros;86,9
2012;Noviembre;Granada;Indice de precios hoteleros;85,5
2012;Noviembre;Huelva;Indice de precios hoteleros;98,1
2012;Noviembre;Jaen;Indice de precios hoteleros;87,8
2012;Noviembre;Malaga;Indice de precios hoteleros;91,2
2012;Noviembre;Sevilla;Indice de precios hoteleros;88,6
2012;Diciembre;Almeria;Indice de precios hoteleros;95,2
2012;Diciembre;Cadiz;Indice de precios hoteleros;86,0
2012;Diciembre;Cordoba;Indice de precios hoteleros;89,9
2012;Diciembre;Granada;Indice de precios hoteleros;89,9
2012;Diciembre;Huelva;Indice de precios hoteleros;88,8
2012;Diciembre;Jaen;Indice de precios hoteleros;83,3
2012;Diciembre;Malaga;Indice de precios hoteleros;96,1
2012;Diciembre;Sevilla;Indice de precios hoteleros;87,9
2013;Enero;Almeria;Indice de precios hoteleros;95,5
2013;Enero;Cadiz;Indice de precios hoteleros;81,6
2013;Enero;Cordoba;Indice de precios hoteleros;84,2
2013;Enero;Granada;Indice de precios hoteleros;83,3
2013;Enero;Huelva;Indice de precios hoteleros;97,7
2013;Enero;Jaen;Indice de precios hoteleros;87,4
2013;Enero;Malaga;Indice de precios hoteleros;96,1
2013;Enero;Sevilla;Indice de precios hoteleros;82,6
2013;Febrero;Almeria;Indice de precios hoteleros;95,8
2013;Febrero;Cadiz;Indice de precios hoteleros;80,6
2013;Febrero;Cordoba;Indice de precios hoteleros;82,8
2013;Febrero;Granada;Indice de precios hoteleros;83,0
2013;Febrero;Huelva;Indice de precios hoteleros;109,9
2013;Febrero;Jaen;Indice de precios hoteleros;88,5
2013;Febrero;Malaga;Indice de precios hoteleros;94,6
2013;Febrero;Sevilla;Indice de precios hoteleros;82,0
2013;Marzo;Almeria;Indice de precios hoteleros;86,8
2013;Marzo;Cadiz;Indice de precios hoteleros;74,3
2013;Marzo;Cordoba;Indice de precios hoteleros;84,5
2013;Marzo;Granada;Indice de precios hoteleros;84,6
2013;Marzo;Huelva;Indice de precios hoteleros;87,1
2013;Marzo;Jaen;Indice de precios hoteleros;84,9
2013;Marzo;Malaga;Indice de precios hoteleros;90,6
2013;Marzo;Sevilla;Indice de precios hoteleros;78,9
2013;Abril;Almeria;Indice de precios hoteleros;92,3
2013;Abril;Cadiz;Indice de precios hoteleros;78,1
2013;Abril;Cordoba;Indice de precios hoteleros;82,5
2013;Abril;Granada;Indice de precios hoteleros;85,3
2013;Abril;Huelva;Indice de precios hoteleros;83,1
2013;Abril;Jaen;Indice de precios hoteleros;82,1
2013;Abril;Malaga;Indice de precios hoteleros;90,3
2013;Abril;Sevilla;Indice de precios hoteleros;80,2
2013;Mayo;Almeria;Indice de precios hoteleros;91,9
2013;Mayo;Cadiz;Indice de precios hoteleros;82,8
2013;Mayo;Cordoba;Indice de precios hoteleros;94,0
2013;Mayo;Granada;Indice de precios hoteleros;86,5
2013;Mayo;Huelva;Indice de precios hoteleros;79,0
2013;Mayo;Jaen;Indice de precios hoteleros;84,0
2013;Mayo;Malaga;Indice de precios hoteleros;91,6
2013;Mayo;Sevilla;Indice de precios hoteleros;80,0
2013;Junio;Almeria;Indice de precios hoteleros;90,5
2013;Junio;Cadiz;Indice de precios hoteleros;81,7
2013;Junio;Cordoba;Indice de precios hoteleros;84,5
2013;Junio;Granada;Indice de precios hoteleros;82,6
2013;Junio;Huelva;Indice de precios hoteleros;82,3
2013;Junio;Jaen;Indice de precios hoteleros;85,2
2013;Junio;Malaga;Indice de precios hoteleros;93,4
2013;Junio;Sevilla;Indice de precios hoteleros;79,9
2013;Julio;Almeria;Indice de precios hoteleros;100,5
2013;Julio;Cadiz;Indice de precios hoteleros;83,7
2013;Julio;Cordoba;Indice de precios hoteleros;87,2
2013;Julio;Granada;Indice de precios hoteleros;84,6
2013;Julio;Huelva;Indice de precios hoteleros;79,5
2013;Julio;Jaen;Indice de precios hoteleros;85,1
2013;Julio;Malaga;Indice de precios hoteleros;92,2
2013;Julio;Sevilla;Indice de precios hoteleros;82,1
2013;Agosto;Almeria;Indice de precios hoteleros;92,1
2013;Agosto;Cadiz;Indice de precios hoteleros;85,1
2013;Agosto;Cordoba;Indice de precios hoteleros;79,1
2013;Agosto;Granada;Indice de precios hoteleros;86,8
2013;Agosto;Huelva;Indice de precios hoteleros;80,3
2013;Agosto;Jaen;Indice de precios hoteleros;89,4
2013;Agosto;Malaga;Indice de precios hoteleros;94,2
2013;Agosto;Sevilla;Indice de precios hoteleros;82,1
2013;Septiembre;Almeria;Indice de precios hoteleros;86,4
2013;Septiembre;Cadiz;Indice de precios hoteleros;80,1
2013;Septiembre;Cordoba;Indice de precios hoteleros;80,1
2013;Septiembre;Granada;Indice de precios hoteleros;89,8
2013;Septiembre;Huelva;Indice de precios hoteleros;82,9
2013;Septiembre;Jaen;Indice de precios hoteleros;87,5
2013;Septiembre;Malaga;Indice de precios hoteleros;90,6
2013;Septiembre;Sevilla;Indice de precios hoteleros;83,1
2013;Octubre;Almeria;Indice de precios hoteleros;90,0
2013;Octubre;Cadiz;Indice de precios hoteleros;79,3
2013;Octubre;Cordoba;Indice de precios hoteleros;88,0
2013;Octubre;Granada;Indice de precios hoteleros;85,6
2013;Octubre;Huelva;Indice de precios hoteleros;90,6
2013;Octubre;Jaen;Indice de precios hoteleros;88,8
2013;Octubre;Malaga;Indice de precios hoteleros;90,6
2013;Octubre;Sevilla;Indice de precios hoteleros;83,2
2013;Noviembre;Almeria;Indice de precios hoteleros;101,5
2013;Noviembre;Cadiz;Indice de precios hoteleros;81,3
2013;Noviembre;Cordoba;Indice de precios hoteleros;89,3
2013;Noviembre;Granada;Indice de precios hoteleros;84,1
2013;Noviembre;Huelva;Indice de precios hoteleros;97,3
2013;Noviembre;Jaen;Indice de precios hoteleros;89,0
2013;Noviembre;Malaga;Indice de precios hoteleros;94,1
2013;Noviembre;Sevilla;Indice de precios hoteleros;85,0
2013;Diciembre;Almeria;Indice de precios hoteleros;97,4
2013;Diciembre;Cadiz;Indice de precios hoteleros;83,2
2013;Diciembre;Cordoba;Indice de precios hoteleros;93,9
2013;Diciembre;Granada;Indice de precios hoteleros;88,4
2013;Diciembre;Huelva;Indice de precios hoteleros;82,3
2013;Diciembre;Jaen;Indice de precios hoteleros;86,8
2013;Diciembre;Malaga;Indice de precios hoteleros;98,7
2013;Diciembre;Sevilla;Indice de precios hoteleros;86,1
2014;Enero;Almeria;Indice de precios hoteleros;95,7
2014;Enero;Cadiz;Indice de precios hoteleros;84,6
2014;Enero;Cordoba;Indice de precios hoteleros;86,1
2014;Enero;Granada;Indice de precios hoteleros;84,9
2014;Enero;Huelva;Indice de precios hoteleros;99,1
2014;Enero;Jaen;Indice de precios hoteleros;89,1
2014;Enero;Malaga;Indice de precios hoteleros;94,3
2014;Enero;Sevilla;Indice de precios hoteleros;80,6
2014;Febrero;Almeria;Indice de precios hoteleros;96,5
2014;Febrero;Cadiz;Indice de precios hoteleros;78,5
2014;Febrero;Cordoba;Indice de precios hoteleros;84,9
2014;Febrero;Granada;Indice de precios hoteleros;82,3
2014;Febrero;Huelva;Indice de precios hoteleros;96,7
2014;Febrero;Jaen;Indice de precios hoteleros;91,6
2014;Febrero;Malaga;Indice de precios hoteleros;93,6
2014;Febrero;Sevilla;Indice de precios hoteleros;82,0
2014;Marzo;Almeria;Indice de precios hoteleros;83,7
2014;Marzo;Cadiz;Indice de precios hoteleros;75,4
2014;Marzo;Cordoba;Indice de precios hoteleros;78,2
2014;Marzo;Granada;Indice de precios hoteleros;80,8
2014;Marzo;Huelva;Indice de precios hoteleros;85,2
2014;Marzo;Jaen;Indice de precios hoteleros;83,3
2014;Marzo;Malaga;Indice de precios hoteleros;89,0
2014;Marzo;Sevilla;Indice de precios hoteleros;71,8
2014;Abril;Almeria;Indice de precios hoteleros;92,5
2014;Abril;Cadiz;Indice de precios hoteleros;84,0
2014;Abril;Cordoba;Indice de precios hoteleros;85,6
2014;Abril;Granada;Indice de precios hoteleros;91,5
2014;Abril;Huelva;Indice de precios hoteleros;90,6
2014;Abril;Jaen;Indice de precios hoteleros;83,0
2014;Abril;Malaga;Indice de precios hoteleros;95,0
2014;Abril;Sevilla;Indice de precios hoteleros;85,8
2014;Mayo;Almeria;Indice de precios hoteleros;92,2
2014;Mayo;Cadiz;Indice de precios hoteleros;83,9
2014;Mayo;Cordoba;Indice de precios hoteleros;95,2
2014;Mayo;Granada;Indice de precios hoteleros;85,8
2014;Mayo;Huelva;Indice de precios hoteleros;76,6
2014;Mayo;Jaen;Indice de precios hoteleros;85,7
2014;Mayo;Malaga;Indice de precios hoteleros;95,6
2014;Mayo;Sevilla;Indice de precios hoteleros;89,5
2014;Junio;Almeria;Indice de precios hoteleros;91,2
2014;Junio;Cadiz;Indice de precios hoteleros;83,5
2014;Junio;Cordoba;Indice de precios hoteleros;86,9
2014;Junio;Granada;Indice de precios hoteleros;81,2
2014;Junio;Huelva;Indice de precios hoteleros;87,4
2014;Junio;Jaen;Indice de precios hoteleros;86,1
2014;Junio;Malaga;Indice de precios hoteleros;97,4
2014;Junio;Sevilla;Indice de precios hoteleros;82,2
2014;Julio;Almeria;Indice de precios hoteleros;96,9
2014;Julio;Cadiz;Indice de precios hoteleros;84,7
2014;Julio;Cordoba;Indice de precios hoteleros;87,3
2014;Julio;Granada;Indice de precios hoteleros;82,0
2014;Julio;Huelva;Indice de precios hoteleros;84,5
2014;Julio;Jaen;Indice de precios hoteleros;86,4
2014;Julio;Malaga;Indice de precios hoteleros;97,9
2014;Julio;Sevilla;Indice de precios hoteleros;80,8
2014;Agosto;Almeria;Indice de precios hoteleros;93,2
2014;Agosto;Cadiz;Indice de precios hoteleros;89,6
2014;Agosto;Cordoba;Indice de precios hoteleros;76,1
2014;Agosto;Granada;Indice de precios hoteleros;87,3
2014;Agosto;Huelva;Indice de precios hoteleros;84,3
2014;Agosto;Jaen;Indice de precios hoteleros;90,3
2014;Agosto;Malaga;Indice de precios hoteleros;100,2
2014;Agosto;Sevilla;Indice de precios hoteleros;84,4
2014;Septiembre;Almeria;Indice de precios hoteleros;83,2
2014;Septiembre;Cadiz;Indice de precios hoteleros;82,6
2014;Septiembre;Cordoba;Indice de precios hoteleros;77,9
2014;Septiembre;Granada;Indice de precios hoteleros;90,4
2014;Septiembre;Huelva;Indice de precios hoteleros;76,9
2014;Septiembre;Jaen;Indice de precios hoteleros;86,2
2014;Septiembre;Malaga;Indice de precios hoteleros;92,8
2014;Septiembre;Sevilla;Indice de precios hoteleros;88,6
2014;Octubre;Almeria;Indice de precios hoteleros;95,7
2014;Octubre;Cadiz;Indice de precios hoteleros;77,1
2014;Octubre;Cordoba;Indice de precios hoteleros;87,4
2014;Octubre;Granada;Indice de precios hoteleros;83,4
2014;Octubre;Huelva;Indice de precios hoteleros;97,7
2014;Octubre;Jaen;Indice de precios hoteleros;88,2
2014;Octubre;Malaga;Indice de precios hoteleros;96,2
2014;Octubre;Sevilla;Indice de precios hoteleros;87,1
2014;Noviembre;Almeria;Indice de precios hoteleros;102,2
2014;Noviembre;Cadiz;Indice de precios hoteleros;81,9
2014;Noviembre;Cordoba;Indice de precios hoteleros;85,2
2014;Noviembre;Granada;Indice de precios hoteleros;82,5
2014;Noviembre;Huelva;Indice de precios hoteleros;88,9
2014;Noviembre;Jaen;Indice de precios hoteleros;88,3
2014;Noviembre;Malaga;Indice de precios hoteleros;94,9
2014;Noviembre;Sevilla;Indice de precios hoteleros;87,1
2014;Diciembre;Almeria;Indice de precios hoteleros;105,9
2014;Diciembre;Cadiz;Indice de precios hoteleros;84,8
2014;Diciembre;Cordoba;Indice de precios hoteleros;91,0
2014;Diciembre;Granada;Indice de precios hoteleros;87,6
2014;Diciembre;Huelva;Indice de precios hoteleros;59,0
2014;Diciembre;Jaen;Indice de precios hoteleros;88,1
2014;Diciembre;Malaga;Indice de precios hoteleros;98,1
2014;Diciembre;Sevilla;Indice de precios hoteleros;89,3
2015;Enero;Almeria;Indice de precios hoteleros;100,4
2015;Enero;Cadiz;Indice de precios hoteleros;82,7
2015;Enero;Cordoba;Indice de precios hoteleros;84,6
2015;Enero;Granada;Indice de precios hoteleros;82,4
2015;Enero;Huelva;Indice de precios hoteleros;95,0
2015;Enero;Jaen;Indice de precios hoteleros;91,3
2015;Enero;Malaga;Indice de precios hoteleros;96,9
2015;Enero;Sevilla;Indice de precios hoteleros;80,0
2015;Febrero;Almeria;Indice de precios hoteleros;100,4
2015;Febrero;Cadiz;Indice de precios hoteleros;83,0
2015;Febrero;Cordoba;Indice de precios hoteleros;85,8
2015;Febrero;Granada;Indice de precios hoteleros;86,3
2015;Febrero;Huelva;Indice de precios hoteleros;127,3
2015;Febrero;Jaen;Indice de precios hoteleros;91,5
2015;Febrero;Malaga;Indice de precios hoteleros;97,0
2015;Febrero;Sevilla;Indice de precios hoteleros;84,1
2015;Marzo;Almeria;Indice de precios hoteleros;89,5
2015;Marzo;Cadiz;Indice de precios hoteleros;79,4
2015;Marzo;Cordoba;Indice de precios hoteleros;83,7
2015;Marzo;Granada;Indice de precios hoteleros;82,8
2015;Marzo;Huelva;Indice de precios hoteleros;91,8
2015;Marzo;Jaen;Indice de precios hoteleros;84,9
2015;Marzo;Malaga;Indice de precios hoteleros;93,0
2015;Marzo;Sevilla;Indice de precios hoteleros;77,3
2015;Abril;Almeria;Indice de precios hoteleros;96,3
2015;Abril;Cadiz;Indice de precios hoteleros;90,4
2015;Abril;Cordoba;Indice de precios hoteleros;85,4
2015;Abril;Granada;Indice de precios hoteleros;88,2
2015;Abril;Huelva;Indice de precios hoteleros;96,4
2015;Abril;Jaen;Indice de precios hoteleros;86,7
2015;Abril;Malaga;Indice de precios hoteleros;98,1
2015;Abril;Sevilla;Indice de precios hoteleros;86,9
2015;Mayo;Almeria;Indice de precios hoteleros;93,1
2015;Mayo;Cadiz;Indice de precios hoteleros;88,8
2015;Mayo;Cordoba;Indice de precios hoteleros;92,4
2015;Mayo;Granada;Indice de precios hoteleros;85,7
2015;Mayo;Huelva;Indice de precios hoteleros;76,1
2015;Mayo;Jaen;Indice de precios hoteleros;87,6
2015;Mayo;Malaga;Indice de precios hoteleros;100,1
2015;Mayo;Sevilla;Indice de precios hoteleros;88,6
2015;Junio;Almeria;Indice de precios hoteleros;94,8
2015;Junio;Cadiz;Indice de precios hoteleros;92,3
2015;Junio;Cordoba;Indice de precios hoteleros;82,6
2015;Junio;Granada;Indice de precios hoteleros;81,5
2015;Junio;Huelva;Indice de precios hoteleros;86,1
2015;Junio;Jaen;Indice de precios hoteleros;88,7
2015;Junio;Malaga;Indice de precios hoteleros;103,2
2015;Junio;Sevilla;Indice de precios hoteleros;86,2
2015;Julio;Almeria;Indice de precios hoteleros;101,5
2015;Julio;Cadiz;Indice de precios hoteleros;90,2
2015;Julio;Cordoba;Indice de precios hoteleros;95,0
2015;Julio;Granada;Indice de precios hoteleros;84,4
2015;Julio;Huelva;Indice de precios hoteleros;90,8
2015;Julio;Jaen;Indice de precios hoteleros;84,1
2015;Julio;Malaga;Indice de precios hoteleros;104,1
2015;Julio;Sevilla;Indice de precios hoteleros;84,1
2015;Agosto;Almeria;Indice de precios hoteleros;97,5
2015;Agosto;Cadiz;Indice de precios hoteleros;96,1
2015;Agosto;Cordoba;Indice de precios hoteleros;77,9
2015;Agosto;Granada;Indice de precios hoteleros;89,2
2015;Agosto;Huelva;Indice de precios hoteleros;88,1
2015;Agosto;Jaen;Indice de precios hoteleros;87,3
2015;Agosto;Malaga;Indice de precios hoteleros;109,0
2015;Agosto;Sevilla;Indice de precios hoteleros;89,3
2015;Septiembre;Almeria;Indice de precios hoteleros;89,8
2015;Septiembre;Cadiz;Indice de precios hoteleros;86,0
2015;Septiembre;Cordoba;Indice de precios hoteleros;79,4
2015;Septiembre;Granada;Indice de precios hoteleros;93,2
2015;Septiembre;Huelva;Indice de precios hoteleros;87,3
2015;Septiembre;Jaen;Indice de precios hoteleros;87,5
2015;Septiembre;Malaga;Indice de precios hoteleros;100,0
2015;Septiembre;Sevilla;Indice de precios hoteleros;92,4
2015;Octubre;Almeria;Indice de precios hoteleros;98,7
2015;Octubre;Cadiz;Indice de precios hoteleros;82,9
2015;Octubre;Cordoba;Indice de precios hoteleros;91,7
2015;Octubre;Granada;Indice de precios hoteleros;88,7
2015;Octubre;Huelva;Indice de precios hoteleros;103,3
2015;Octubre;Jaen;Indice de precios hoteleros;90,0
2015;Octubre;Malaga;Indice de precios hoteleros;100,2
2015;Octubre;Sevilla;Indice de precios hoteleros;95,7
2015;Noviembre;Almeria;Indice de precios hoteleros;102,8
2015;Noviembre;Cadiz;Indice de precios hoteleros;86,5
2015;Noviembre;Cordoba;Indice de precios hoteleros;90,6
2015;Noviembre;Granada;Indice de precios hoteleros;86,0
2015;Noviembre;Huelva;Indice de precios hoteleros;103,5
2015;Noviembre;Jaen;Indice de precios hoteleros;88,4
2015;Noviembre;Malaga;Indice de precios hoteleros;99,4
2015;Noviembre;Sevilla;Indice de precios hoteleros;91,5
2015;Diciembre;Almeria;Indice de precios hoteleros;105,6
2015;Diciembre;Cadiz;Indice de precios hoteleros;87,4
2015;Diciembre;Cordoba;Indice de precios hoteleros;96,5
2015;Diciembre;Granada;Indice de precios hoteleros;92,2
2015;Diciembre;Huelva;Indice de precios hoteleros;55,0
2015;Diciembre;Jaen;Indice de precios hoteleros;87,7
2015;Diciembre;Malaga;Indice de precios hoteleros;103,7
2015;Diciembre;Sevilla;Indice de precios hoteleros;97,3
2016;Enero;Almeria;Indice de precios hoteleros;102,3
2016;Enero;Cadiz;Indice de precios hoteleros;83,7
2016;Enero;Cordoba;Indice de precios hoteleros;83,3
2016;Enero;Granada;Indice de precios hoteleros;85,5
2016;Enero;Huelva;Indice de precios hoteleros;103,0
2016;Enero;Jaen;Indice de precios hoteleros;89,4
2016;Enero;Malaga;Indice de precios hoteleros;101,1
2016;Enero;Sevilla;Indice de precios hoteleros;85,5
2016;Febrero;Almeria;Indice de precios hoteleros;102,0
2016;Febrero;Cadiz;Indice de precios hoteleros;85,2
2016;Febrero;Cordoba;Indice de precios hoteleros;86,7
2016;Febrero;Granada;Indice de precios hoteleros;86,0
2016;Febrero;Huelva;Indice de precios hoteleros;126,0
2016;Febrero;Jaen;Indice de precios hoteleros;93,4
2016;Febrero;Malaga;Indice de precios hoteleros;100,9
2016;Febrero;Sevilla;Indice de precios hoteleros;91,6
2016;Marzo;Almeria;Indice de precios hoteleros;96,4
2016;Marzo;Cadiz;Indice de precios hoteleros;86,5
2016;Marzo;Cordoba;Indice de precios hoteleros;90,2
2016;Marzo;Granada;Indice de precios hoteleros;90,3
2016;Marzo;Huelva;Indice de precios hoteleros;96,0
2016;Marzo;Jaen;Indice de precios hoteleros;88,9
2016;Marzo;Malaga;Indice de precios hoteleros;101,4
2016;Marzo;Sevilla;Indice de precios hoteleros;89,3
2016;Abril;Almeria;Indice de precios hoteleros;92,7
2016;Abril;Cadiz;Indice de precios hoteleros;94,7
2016;Abril;Cordoba;Indice de precios hoteleros;86,1
2016;Abril;Granada;Indice de precios hoteleros;90,2
2016;Abril;Huelva;Indice de precios hoteleros;93,3
2016;Abril;Jaen;Indice de precios hoteleros;84,7
2016;Abril;Malaga;Indice de precios hoteleros;100,1
2016;Abril;Sevilla;Indice de precios hoteleros;91,2
2016;Mayo;Almeria;Indice de precios hoteleros;95,4
2016;Mayo;Cadiz;Indice de precios hoteleros;92,7
2016;Mayo;Cordoba;Indice de precios hoteleros;92,4
2016;Mayo;Granada;Indice de precios hoteleros;93,0
2016;Mayo;Huelva;Indice de precios hoteleros;80,4
2016;Mayo;Jaen;Indice de precios hoteleros;88,4
2016;Mayo;Malaga;Indice de precios hoteleros;106,0
2016;Mayo;Sevilla;Indice de precios hoteleros;93,8
2016;Junio;Almeria;Indice de precios hoteleros;101,6
2016;Junio;Cadiz;Indice de precios hoteleros;95,1
2016;Junio;Cordoba;Indice de precios hoteleros;86,2
2016;Junio;Granada;Indice de precios hoteleros;87,1
2016;Junio;Huelva;Indice de precios hoteleros;88,4
2016;Junio;Jaen;Indice de precios hoteleros;90,7
2016;Junio;Malaga;Indice de precios hoteleros;110,3
2016;Junio;Sevilla;Indice de precios hoteleros;94,2
2016;Julio;Almeria;Indice de precios hoteleros;113,7
2016;Julio;Cadiz;Indice de precios hoteleros;96,9
2016;Julio;Cordoba;Indice de precios hoteleros;98,5
2016;Julio;Granada;Indice de precios hoteleros;89,4
2016;Julio;Huelva;Indice de precios hoteleros;98,6
2016;Julio;Jaen;Indice de precios hoteleros;87,8
2016;Julio;Malaga;Indice de precios hoteleros;113,5
2016;Julio;Sevilla;Indice de precios hoteleros;91,2
2016;Agosto;Almeria;Indice de precios hoteleros;107,1
2016;Agosto;Cadiz;Indice de precios hoteleros;100,6
2016;Agosto;Cordoba;Indice de precios hoteleros;80,1
2016;Agosto;Granada;Indice de precios hoteleros;93,3
2016;Agosto;Huelva;Indice de precios hoteleros;93,5
2016;Agosto;Jaen;Indice de precios hoteleros;92,8
2016;Agosto;Malaga;Indice de precios hoteleros;114,3
2016;Agosto;Sevilla;Indice de precios hoteleros;96,7
2016;Septiembre;Almeria;Indice de precios hoteleros;100,5
2016;Septiembre;Cadiz;Indice de precios hoteleros;91,0
2016;Septiembre;Cordoba;Indice de precios hoteleros;79,2
2016;Septiembre;Granada;Indice de precios hoteleros;94,6
2016;Septiembre;Huelva;Indice de precios hoteleros;86,0
2016;Septiembre;Jaen;Indice de precios hoteleros;90,7
2016;Septiembre;Malaga;Indice de precios hoteleros;108,5
2016;Septiembre;Sevilla;Indice de precios hoteleros;99,6
2016;Octubre;Almeria;Indice de precios hoteleros;100,3
2016;Octubre;Cadiz;Indice de precios hoteleros;89,9
2016;Octubre;Cordoba;Indice de precios hoteleros;95,3
2016;Octubre;Granada;Indice de precios hoteleros;92,8
2016;Octubre;Huelva;Indice de precios hoteleros;91,7
2016;Octubre;Jaen;Indice de precios hoteleros;92,1
2016;Octubre;Malaga;Indice de precios hoteleros;105,4
2016;Octubre;Sevilla;Indice de precios hoteleros;104,5
2016;Noviembre;Almeria;Indice de precios hoteleros;104,9
2016;Noviembre;Cadiz;Indice de precios hoteleros;88,2
2016;Noviembre;Cordoba;Indice de precios hoteleros;90,6
2016;Noviembre;Granada;Indice de precios hoteleros;90,5
2016;Noviembre;Huelva;Indice de precios hoteleros;102,9
2016;Noviembre;Jaen;Indice de precios hoteleros;93,7
2016;Noviembre;Malaga;Indice de precios hoteleros;100,0
2016;Noviembre;Sevilla;Indice de precios hoteleros;99,5
2016;Diciembre;Almeria;Indice de precios hoteleros;103,3
2016;Diciembre;Cadiz;Indice de precios hoteleros;89,6
2016;Diciembre;Cordoba;Indice de precios hoteleros;98,9
2016;Diciembre;Granada;Indice de precios hoteleros;94,7
2016;Diciembre;Huelva;Indice de precios hoteleros;59,4
2016;Diciembre;Jaen;Indice de precios hoteleros;88,3
2016;Diciembre;Malaga;Indice de precios hoteleros;107,0
2016;Diciembre;Sevilla;Indice de precios hoteleros;99,8
2017;Enero;Almeria;Indice de precios hoteleros;101,8
2017;Enero;Cadiz;Indice de precios hoteleros;85,0
2017;Enero;Cordoba;Indice de precios hoteleros;87,6
2017;Enero;Granada;Indice de precios hoteleros;92,7
2017;Enero;Huelva;Indice de precios hoteleros;122,3
2017;Enero;Jaen;Indice de precios hoteleros;92,2
2017;Enero;Malaga;Indice de precios hoteleros;104,1
2017;Enero;Sevilla;Indice de precios hoteleros;89,0
2017;Febrero;Almeria;Indice de precios hoteleros;108,0
2017;Febrero;Cadiz;Indice de precios hoteleros;88,2
2017;Febrero;Cordoba;Indice de precios hoteleros;85,8
2017;Febrero;Granada;Indice de precios hoteleros;92,0
2017;Febrero;Huelva;Indice de precios hoteleros;136,3
2017;Febrero;Jaen;Indice de precios hoteleros;96,0
2017;Febrero;Malaga;Indice de precios hoteleros;104,7
2017;Febrero;Sevilla;Indice de precios hoteleros;91,8
2017;Marzo;Almeria;Indice de precios hoteleros;98,7
2017;Marzo;Cadiz;Indice de precios hoteleros;84,4
2017;Marzo;Cordoba;Indice de precios hoteleros;81,2
2017;Marzo;Granada;Indice de precios hoteleros;90,7
2017;Marzo;Huelva;Indice de precios hoteleros;93,0
2017;Marzo;Jaen;Indice de precios hoteleros;89,0
2017;Marzo;Malaga;Indice de precios hoteleros;100,9
2017;Marzo;Sevilla;Indice de precios hoteleros;82,1
2017;Abril;Almeria;Indice de precios hoteleros;105,1
2017;Abril;Cadiz;Indice de precios hoteleros;96,5
2017;Abril;Cordoba;Indice de precios hoteleros;91,2
2017;Abril;Granada;Indice de precios hoteleros;100,9
2017;Abril;Huelva;Indice de precios hoteleros;99,7
2017;Abril;Jaen;Indice de precios hoteleros;91,6
2017;Abril;Malaga;Indice de precios hoteleros;110,5
2017;Abril;Sevilla;Indice de precios hoteleros;98,3
2017;Mayo;Almeria;Indice de precios hoteleros;101,8
2017;Mayo;Cadiz;Indice de precios hoteleros;99,3
2017;Mayo;Cordoba;Indice de precios hoteleros;96,2
2017;Mayo;Granada;Indice de precios hoteleros;97,5
2017;Mayo;Huelva;Indice de precios hoteleros;89,5
2017;Mayo;Jaen;Indice de precios hoteleros;91,1
2017;Mayo;Malaga;Indice de precios hoteleros;114,7
2017;Mayo;Sevilla;Indice de precios hoteleros;105,9
2017;Junio;Almeria;Indice de precios hoteleros;108,9
2017;Junio;Cadiz;Indice de precios hoteleros;99,3
2017;Junio;Cordoba;Indice de precios hoteleros;83,3
2017;Junio;Granada;Indice de precios hoteleros;92,1
2017;Junio;Huelva;Indice de precios hoteleros;98,8
2017;Junio;Jaen;Indice de precios hoteleros;93,4
2017;Junio;Malaga;Indice de precios hoteleros;117,1
2017;Junio;Sevilla;Indice de precios hoteleros;97,4
2017;Julio;Almeria;Indice de precios hoteleros;115,3
2017;Julio;Cadiz;Indice de precios hoteleros;100,1
2017;Julio;Cordoba;Indice de precios hoteleros;92,6
2017;Julio;Granada;Indice de precios hoteleros;91,9
2017;Julio;Huelva;Indice de precios hoteleros;105,1
2017;Julio;Jaen;Indice de precios hoteleros;89,3
2017;Julio;Malaga;Indice de precios hoteleros;120,5
2017;Julio;Sevilla;Indice de precios hoteleros;91,4
2017;Agosto;Almeria;Indice de precios hoteleros;110,4
2017;Agosto;Cadiz;Indice de precios hoteleros;102,7
2017;Agosto;Cordoba;Indice de precios hoteleros;76,9
2017;Agosto;Granada;Indice de precios hoteleros;98,1
2017;Agosto;Huelva;Indice de precios hoteleros;100,0
2017;Agosto;Jaen;Indice de precios hoteleros;93,9
2017;Agosto;Malaga;Indice de precios hoteleros;121,5
2017;Agosto;Sevilla;Indice de precios hoteleros;97,1
2017;Septiembre;Almeria;Indice de precios hoteleros;102,9
2017;Septiembre;Cadiz;Indice de precios hoteleros;93,9
2017;Septiembre;Cordoba;Indice de precios hoteleros;79,0
2017;Septiembre;Granada;Indice de precios hoteleros;101,5
2017;Septiembre;Huelva;Indice de precios hoteleros;96,1
2017;Septiembre;Jaen;Indice de precios hoteleros;91,1
2017;Septiembre;Malaga;Indice de precios hoteleros;113,9
2017;Septiembre;Sevilla;Indice de precios hoteleros;102,5
2017;Octubre;Almeria;Indice de precios hoteleros;102,5
2017;Octubre;Cadiz;Indice de precios hoteleros;93,7
2017;Octubre;Cordoba;Indice de precios hoteleros;93,4
2017;Octubre;Granada;Indice de precios hoteleros;97,6
2017;Octubre;Huelva;Indice de precios hoteleros;113,8
2017;Octubre;Jaen;Indice de precios hoteleros;91,8
2017;Octubre;Malaga;Indice de precios hoteleros;112,7
2017;Octubre;Sevilla;Indice de precios hoteleros;108,1
2017;Noviembre;Almeria;Indice de precios hoteleros;107,1
2017;Noviembre;Cadiz;Indice de precios hoteleros;85,9
2017;Noviembre;Cordoba;Indice de precios hoteleros;89,7
2017;Noviembre;Granada;Indice de precios hoteleros;88,3
2017;Noviembre;Huelva;Indice de precios hoteleros;105,1
2017;Noviembre;Jaen;Indice de precios hoteleros;93,9
2017;Noviembre;Malaga;Indice de precios hoteleros;105,0
2017;Noviembre;Sevilla;Indice de precios hoteleros;102,6
2017;Diciembre;Almeria;Indice de precios hoteleros;108,9
2017;Diciembre;Cadiz;Indice de precios hoteleros;91,0
2017;Diciembre;Cordoba;Indice de precios hoteleros;101,6
2017;Diciembre;Granada;Indice de precios hoteleros;98,0
2017;Diciembre;Huelva;Indice de precios hoteleros;61,9
2017;Diciembre;Jaen;Indice de precios hoteleros;90,4
2017;Diciembre;Malaga;Indice de precios hoteleros;109,0
2017;Diciembre;Sevilla;Indice de precios hoteleros;103,5
2018;Enero;Almeria;Indice de precios hoteleros;100,4
2018;Enero;Cadiz;Indice de precios hoteleros;87,4
2018;Enero;Cordoba;Indice de precios hoteleros;86,2
2018;Enero;Granada;Indice de precios hoteleros;92,9
2018;Enero;Huelva;Indice de precios hoteleros;123,2
2018;Enero;Jaen;Indice de precios hoteleros;92,0
2018;Enero;Malaga;Indice de precios hoteleros;107,8
2018;Enero;Sevilla;Indice de precios hoteleros;94,6
2018;Febrero;Almeria;Indice de precios hoteleros;104,2
2018;Febrero;Cadiz;Indice de precios hoteleros;87,1
2018;Febrero;Cordoba;Indice de precios hoteleros;87,6
2018;Febrero;Granada;Indice de precios hoteleros;90,8
2018;Febrero;Huelva;Indice de precios hoteleros;127,1
2018;Febrero;Jaen;Indice de precios hoteleros;96,1
2018;Febrero;Malaga;Indice de precios hoteleros;105,1
2018;Febrero;Sevilla;Indice de precios hoteleros;97,7
2018;Marzo;Almeria;Indice de precios hoteleros;101,7
2018;Marzo;Cadiz;Indice de precios hoteleros;88,8
2018;Marzo;Cordoba;Indice de precios hoteleros;86,5
2018;Marzo;Granada;Indice de precios hoteleros;96,0
2018;Marzo;Huelva;Indice de precios hoteleros;103,9
2018;Marzo;Jaen;Indice de precios hoteleros;94,1
2018;Marzo;Malaga;Indice de precios hoteleros;108,4
2018;Marzo;Sevilla;Indice de precios hoteleros;90,3
2018;Abril;Almeria;Indice de precios hoteleros;96,9
2018;Abril;Cadiz;Indice de precios hoteleros;91,0
2018;Abril;Cordoba;Indice de precios hoteleros;87,7
2018;Abril;Granada;Indice de precios hoteleros;98,2
2018;Abril;Huelva;Indice de precios hoteleros;99,2
2018;Abril;Jaen;Indice de precios hoteleros;91,2
2018;Abril;Malaga;Indice de precios hoteleros;107,0
2018;Abril;Sevilla;Indice de precios hoteleros;101,3
2018;Mayo;Almeria;Indice de precios hoteleros;101,9
2018;Mayo;Cadiz;Indice de precios hoteleros;99,3
2018;Mayo;Cordoba;Indice de precios hoteleros;95,5
2018;Mayo;Granada;Indice de precios hoteleros;97,9
2018;Mayo;Huelva;Indice de precios hoteleros;86,0
2018;Mayo;Jaen;Indice de precios hoteleros;90,3
2018;Mayo;Malaga;Indice de precios hoteleros;113,1
2018;Mayo;Sevilla;Indice de precios hoteleros;100,7
2018;Junio;Almeria;Indice de precios hoteleros;111,7
2018;Junio;Cadiz;Indice de precios hoteleros;102,6
2018;Junio;Cordoba;Indice de precios hoteleros;85,2
2018;Junio;Granada;Indice de precios hoteleros;93,0
2018;Junio;Huelva;Indice de precios hoteleros;105,9
2018;Junio;Jaen;Indice de precios hoteleros;93,5
2018;Junio;Malaga;Indice de precios hoteleros;119,6
2018;Junio;Sevilla;Indice de precios hoteleros;97,5
2018;Julio;Almeria;Indice de precios hoteleros;121,0
2018;Julio;Cadiz;Indice de precios hoteleros;102,5
2018;Julio;Cordoba;Indice de precios hoteleros;96,8
2018;Julio;Granada;Indice de precios hoteleros;94,1
2018;Julio;Huelva;Indice de precios hoteleros;105,6
2018;Julio;Jaen;Indice de precios hoteleros;87,8
2018;Julio;Malaga;Indice de precios hoteleros;119,9
2018;Julio;Sevilla;Indice de precios hoteleros;94,9
2018;Agosto;Almeria;Indice de precios hoteleros;114,0
2018;Agosto;Cadiz;Indice de precios hoteleros;105,3
2018;Agosto;Cordoba;Indice de precios hoteleros;80,1
2018;Agosto;Granada;Indice de precios hoteleros;97,7
2018;Agosto;Huelva;Indice de precios hoteleros;93,0
2018;Agosto;Jaen;Indice de precios hoteleros;94,8
2018;Agosto;Malaga;Indice de precios hoteleros;124,1
2018;Agosto;Sevilla;Indice de precios hoteleros;97,9
2018;Septiembre;Almeria;Indice de precios hoteleros;106,3
2018;Septiembre;Cadiz;Indice de precios hoteleros;95,6
2018;Septiembre;Cordoba;Indice de precios hoteleros;80,0
2018;Septiembre;Granada;Indice de precios hoteleros;102,5
2018;Septiembre;Huelva;Indice de precios hoteleros;96,1
2018;Septiembre;Jaen;Indice de precios hoteleros;93,4
2018;Septiembre;Malaga;Indice de precios hoteleros;114,9
2018;Septiembre;Sevilla;Indice de precios hoteleros;106,9
2018;Octubre;Almeria;Indice de precios hoteleros;106,6
2018;Octubre;Cadiz;Indice de precios hoteleros;91,3
2018;Octubre;Cordoba;Indice de precios hoteleros;95,4
2018;Octubre;Granada;Indice de precios hoteleros;98,5
2018;Octubre;Huelva;Indice de precios hoteleros;106,0
2018;Octubre;Jaen;Indice de precios hoteleros;96,4
2018;Octubre;Malaga;Indice de precios hoteleros;113,6
2018;Octubre;Sevilla;Indice de precios hoteleros;116,0
2018;Noviembre;Almeria;Indice de precios hoteleros;113,4
2018;Noviembre;Cadiz;Indice de precios hoteleros;88,1
2018;Noviembre;Cordoba;Indice de precios hoteleros;94,3
2018;Noviembre;Granada;Indice de precios hoteleros;93,5
2018;Noviembre;Huelva;Indice de precios hoteleros;104,6
2018;Noviembre;Jaen;Indice de precios hoteleros;97,4
2018;Noviembre;Malaga;Indice de precios hoteleros;109,1
2018;Noviembre;Sevilla;Indice de precios hoteleros;109,8
2018;Diciembre;Almeria;Indice de precios hoteleros;113,9
2018;Diciembre;Cadiz;Indice de precios hoteleros;91,2
2018;Diciembre;Cordoba;Indice de precios hoteleros;108,3
2018;Diciembre;Granada;Indice de precios hoteleros;100,6
2018;Diciembre;Huelva;Indice de precios hoteleros;64,0
2018;Diciembre;Jaen;Indice de precios hoteleros;93,1
2018;Diciembre;Malaga;Indice de precios hoteleros;109,8
2018;Diciembre;Sevilla;Indice de precios hoteleros;105,0
2019;Enero;Almeria;Indice de precios hoteleros;103,7
2019;Enero;Cadiz;Indice de precios hoteleros;87,3
2019;Enero;Cordoba;Indice de precios hoteleros;89,5
2019;Enero;Granada;Indice de precios hoteleros;94,9
2019;Enero;Huelva;Indice de precios hoteleros;120,1
2019;Enero;Jaen;Indice de precios hoteleros;94,4
2019;Enero;Malaga;Indice de precios hoteleros;108,2
2019;Enero;Sevilla;Indice de precios hoteleros;98,3
2019;Febrero;Almeria;Indice de precios hoteleros;111,9
2019;Febrero;Cadiz;Indice de precios hoteleros;83,6
2019;Febrero;Cordoba;Indice de precios hoteleros;87,5
2019;Febrero;Granada;Indice de precios hoteleros;92,9
2019;Febrero;Huelva;Indice de precios hoteleros;122,6
2019;Febrero;Jaen;Indice de precios hoteleros;97,5
2019;Febrero;Malaga;Indice de precios hoteleros;104,7
2019;Febrero;Sevilla;Indice de precios hoteleros;102,4
2019;Marzo;Almeria;Indice de precios hoteleros;102,6
2019;Marzo;Cadiz;Indice de precios hoteleros;89,6
2019;Marzo;Cordoba;Indice de precios hoteleros;82,9
2019;Marzo;Granada;Indice de precios hoteleros;94,1
2019;Marzo;Huelva;Indice de precios hoteleros;98,5
2019;Marzo;Jaen;Indice de precios hoteleros;92,5
2019;Marzo;Malaga;Indice de precios hoteleros;102,2
2019;Marzo;Sevilla;Indice de precios hoteleros;90,2
2019;Abril;Almeria;Indice de precios hoteleros;112,4
2019;Abril;Cadiz;Indice de precios hoteleros;96,2
2019;Abril;Cordoba;Indice de precios hoteleros;91,9
2019;Abril;Granada;Indice de precios hoteleros;103,0
2019;Abril;Huelva;Indice de precios hoteleros;107,1
2019;Abril;Jaen;Indice de precios hoteleros;91,8
2019;Abril;Malaga;Indice de precios hoteleros;114,5
2019;Abril;Sevilla;Indice de precios hoteleros;106,8
2019;Mayo;Almeria;Indice de precios hoteleros;101,0
2019;Mayo;Cadiz;Indice de precios hoteleros;101,4
2019;Mayo;Cordoba;Indice de precios hoteleros;98,9
2019;Mayo;Granada;Indice de precios hoteleros;101,8
2019;Mayo;Huelva;Indice de precios hoteleros;85,3
2019;Mayo;Jaen;Indice de precios hoteleros;93,8
2019;Mayo;Malaga;Indice de precios hoteleros;115,2
2019;Mayo;Sevilla;Indice de precios hoteleros;118,5
2019;Junio;Almeria;Indice de precios hoteleros;110,9
2019;Junio;Cadiz;Indice de precios hoteleros;103,1
2019;Junio;Cordoba;Indice de precios hoteleros;87,9
2019;Junio;Granada;Indice de precios hoteleros;97,2
2019;Junio;Huelva;Indice de precios hoteleros;110,7
2019;Junio;Jaen;Indice de precios hoteleros;95,5
2019;Junio;Malaga;Indice de precios hoteleros;122,7
2019;Junio;Sevilla;Indice de precios hoteleros;104,6
2019;Julio;Almeria;Indice de precios hoteleros;116,9
2019;Julio;Cadiz;Indice de precios hoteleros;102,5
2019;Julio;Cordoba;Indice de precios hoteleros;95,8
2019;Julio;Granada;Indice de precios hoteleros;95,7
2019;Julio;Huelva;Indice de precios hoteleros;105,2
2019;Julio;Jaen;Indice de precios hoteleros;90,5
2019;Julio;Malaga;Indice de precios hoteleros;122,1
2019;Julio;Sevilla;Indice de precios hoteleros;95,8
2019;Agosto;Almeria;Indice de precios hoteleros;113,7
2019;Agosto;Cadiz;Indice de precios hoteleros;108,4
2019;Agosto;Cordoba;Indice de precios hoteleros;81,3
2019;Agosto;Granada;Indice de precios hoteleros;99,8
2019;Agosto;Huelva;Indice de precios hoteleros;95,1
2019;Agosto;Jaen;Indice de precios hoteleros;94,4
2019;Agosto;Malaga;Indice de precios hoteleros;123,0
2019;Agosto;Sevilla;Indice de precios hoteleros;101,5
2019;Septiembre;Almeria;Indice de precios hoteleros;103,1
2019;Septiembre;Cadiz;Indice de precios hoteleros;95,3
2019;Septiembre;Cordoba;Indice de precios hoteleros;82,7
2019;Septiembre;Granada;Indice de precios hoteleros;103,7
2019;Septiembre;Huelva;Indice de precios hoteleros;92,5
2019;Septiembre;Jaen;Indice de precios hoteleros;93,2
2019;Septiembre;Malaga;Indice de precios hoteleros;114,8
2019;Septiembre;Sevilla;Indice de precios hoteleros;112,6
2019;Octubre;Almeria;Indice de precios hoteleros;99,1
2019;Octubre;Cadiz;Indice de precios hoteleros;93,7
2019;Octubre;Cordoba;Indice de precios hoteleros;95,8
2019;Octubre;Granada;Indice de precios hoteleros;96,8
2019;Octubre;Huelva;Indice de precios hoteleros;102,0
2019;Octubre;Jaen;Indice de precios hoteleros;95,0
2019;Octubre;Malaga;Indice de precios hoteleros;114,1
2019;Octubre;Sevilla;Indice de precios hoteleros;118,3
2019;Noviembre;Almeria;Indice de precios hoteleros;115,3
2019;Noviembre;Cadiz;Indice de precios hoteleros;89,8
2019;Noviembre;Cordoba;Indice de precios hoteleros;93,5
2019;Noviembre;Granada;Indice de precios hoteleros;95,2
2019;Noviembre;Huelva;Indice de precios hoteleros;104,3
2019;Noviembre;Jaen;Indice de precios hoteleros;98,6
2019;Noviembre;Malaga;Indice de precios hoteleros;107,1
2019;Noviembre;Sevilla;Indice de precios hoteleros;112,8
2019;Diciembre;Almeria;Indice de precios hoteleros;110,1
2019;Diciembre;Cadiz;Indice de precios hoteleros;93,9
2019;Diciembre;Cordoba;Indice de precios hoteleros;105,3
2019;Diciembre;Granada;Indice de precios hoteleros;105,3
2019;Diciembre;Huelva;Indice de precios hoteleros;63,2
2019;Diciembre;Jaen;Indice de precios hoteleros;93,3
2019;Diciembre;Malaga;Indice de precios hoteleros;112,7
2019;Diciembre;Sevilla;Indice de precios hoteleros;106,1
2020;Enero;Almeria;Indice de precios hoteleros;103,7
2020;Enero;Cadiz;Indice de precios hoteleros;89,5
2020;Enero;Cordoba;Indice de precios hoteleros;87,6
2020;Enero;Granada;Indice de precios hoteleros;94,6
2020;Enero;Huelva;Indice de precios hoteleros;122,1
2020;Enero;Jaen;Indice de precios hoteleros;95,0
2020;Enero;Malaga;Indice de precios hoteleros;110,5
2020;Enero;Sevilla;Indice de precios hoteleros;98,4
2020;Febrero;Almeria;Indice de precios hoteleros;115,7
2020;Febrero;Cadiz;Indice de precios hoteleros;92,1
2020;Febrero;Cordoba;Indice de precios hoteleros;91,2
2020;Febrero;Granada;Indice de precios hoteleros;96,3
2020;Febrero;Huelva;Indice de precios hoteleros;122,1
2020;Febrero;Jaen;Indice de precios hoteleros;96,6
2020;Febrero;Malaga;Indice de precios hoteleros;108,2
2020;Febrero;Sevilla;Indice de precios hoteleros;101,0
2020;Marzo;Almeria;Indice de precios hoteleros;96,7
2020;Marzo;Cadiz;Indice de precios hoteleros;88,0
2020;Marzo;Cordoba;Indice de precios hoteleros;81,5
2020;Marzo;Granada;Indice de precios hoteleros;86,1
2020;Marzo;Huelva;Indice de precios hoteleros;84,8
2020;Marzo;Jaen;Indice de precios hoteleros;93,9
2020;Marzo;Malaga;Indice de precios hoteleros;103,8
2020;Marzo;Sevilla;Indice de precios hoteleros;81,0
2020;Abril;Almeria;Indice de precios hoteleros;112,4
2020;Abril;Cadiz;Indice de precios hoteleros;96,2
2020;Abril;Cordoba;Indice de precios hoteleros;91,9
2020;Abril;Granada;Indice de precios hoteleros;103,0
2020;Abril;Huelva;Indice de precios hoteleros;107,1
2020;Abril;Jaen;Indice de precios hoteleros;91,8
2020;Abril;Malaga;Indice de precios hoteleros;114,5
2020;Abril;Sevilla;Indice de precios hoteleros;106,8
2020;Julio;Almeria;Indice de precios hoteleros;106,3
2020;Julio;Cadiz;Indice de precios hoteleros;97,0
2020;Julio;Cordoba;Indice de precios hoteleros;100,3
2020;Julio;Granada;Indice de precios hoteleros;103,8
2020;Julio;Huelva;Indice de precios hoteleros;96,0
2020;Julio;Jaen;Indice de precios hoteleros;91,2
2020;Julio;Malaga;Indice de precios hoteleros;104,5
2020;Julio;Sevilla;Indice de precios hoteleros;92,4
2020;Agosto;Almeria;Indice de precios hoteleros;98,6
2020;Agosto;Cadiz;Indice de precios hoteleros;100,5
2020;Agosto;Cordoba;Indice de precios hoteleros;81,2
2020;Agosto;Granada;Indice de precios hoteleros;98,2
2020;Agosto;Huelva;Indice de precios hoteleros;89,9
2020;Agosto;Jaen;Indice de precios hoteleros;95,2
2020;Agosto;Malaga;Indice de precios hoteleros;101,8
2020;Agosto;Sevilla;Indice de precios hoteleros;94,1
2020;Septiembre;Almeria;Indice de precios hoteleros;99,6
2020;Septiembre;Cadiz;Indice de precios hoteleros;85,0
2020;Septiembre;Cordoba;Indice de precios hoteleros;73,3
2020;Septiembre;Granada;Indice de precios hoteleros;83,4
2020;Septiembre;Huelva;Indice de precios hoteleros;95,2
2020;Septiembre;Jaen;Indice de precios hoteleros;88,6
2020;Septiembre;Malaga;Indice de precios hoteleros;89,1
2020;Septiembre;Sevilla;Indice de precios hoteleros;80,3
2020;Octubre;Almeria;Indice de precios hoteleros;107,9
2020;Octubre;Cadiz;Indice de precios hoteleros;83,6
2020;Octubre;Cordoba;Indice de precios hoteleros;75,8
2020;Octubre;Granada;Indice de precios hoteleros;80,7
2020;Octubre;Huelva;Indice de precios hoteleros;99,5
2020;Octubre;Jaen;Indice de precios hoteleros;93,2
2020;Octubre;Malaga;Indice de precios hoteleros;96,5
2020;Octubre;Sevilla;Indice de precios hoteleros;76,2
2020;Noviembre;Almeria;Indice de precios hoteleros;112,4
2020;Noviembre;Cadiz;Indice de precios hoteleros;80,2
2020;Noviembre;Cordoba;Indice de precios hoteleros;73,1
2020;Noviembre;Granada;Indice de precios hoteleros;72,2
2020;Noviembre;Huelva;Indice de precios hoteleros;94,9
2020;Noviembre;Jaen;Indice de precios hoteleros;88,3
2020;Noviembre;Malaga;Indice de precios hoteleros;94,5
2020;Noviembre;Sevilla;Indice de precios hoteleros;74,6
2020;Diciembre;Almeria;Indice de precios hoteleros;116,7
2020;Diciembre;Cadiz;Indice de precios hoteleros;85,8
2020;Diciembre;Cordoba;Indice de precios hoteleros;80,6
2020;Diciembre;Granada;Indice de precios hoteleros;101,6
2020;Diciembre;Huelva;Indice de precios hoteleros;59,6
2020;Diciembre;Jaen;Indice de precios hoteleros;85,9
2020;Diciembre;Malaga;Indice de precios hoteleros;103,0
2020;Diciembre;Sevilla;Indice de precios hoteleros;75,0
2021;Enero;Almeria;Indice de precios hoteleros;100,9
2021;Enero;Cadiz;Indice de precios hoteleros;89,4
2021;Enero;Cordoba;Indice de precios hoteleros;87,1
2021;Enero;Granada;Indice de precios hoteleros;91,1
2021;Enero;Huelva;Indice de precios hoteleros;111,5
2021;Enero;Jaen;Indice de precios hoteleros;84,8
2021;Enero;Malaga;Indice de precios hoteleros;105,4
2021;Enero;Sevilla;Indice de precios hoteleros;76,6
2021;Febrero;Almeria;Indice de precios hoteleros;111,6
2021;Febrero;Cadiz;Indice de precios hoteleros;82,4
2021;Febrero;Cordoba;Indice de precios hoteleros;77,3
2021;Febrero;Granada;Indice de precios hoteleros;87,0
2021;Febrero;Huelva;Indice de precios hoteleros;134,6
2021;Febrero;Jaen;Indice de precios hoteleros;90,7
2021;Febrero;Malaga;Indice de precios hoteleros;98,1
2021;Febrero;Sevilla;Indice de precios hoteleros;74,8
2021;Marzo;Almeria;Indice de precios hoteleros;108,6
2021;Marzo;Cadiz;Indice de precios hoteleros;82,5
2021;Marzo;Cordoba;Indice de precios hoteleros;66,3
2021;Marzo;Granada;Indice de precios hoteleros;87,3
2021;Marzo;Huelva;Indice de precios hoteleros;94,9
2021;Marzo;Jaen;Indice de precios hoteleros;89,3
2021;Marzo;Malaga;Indice de precios hoteleros;99,0
2021;Marzo;Sevilla;Indice de precios hoteleros;62,0
2021;Abril;Almeria;Indice de precios hoteleros;88,6
2021;Abril;Cadiz;Indice de precios hoteleros;90,9
2021;Abril;Cordoba;Indice de precios hoteleros;82,3
2021;Abril;Granada;Indice de precios hoteleros;87,3
2021;Abril;Huelva;Indice de precios hoteleros;108,9
2021;Abril;Jaen;Indice de precios hoteleros;95,2
2021;Abril;Malaga;Indice de precios hoteleros;89,8
2021;Abril;Sevilla;Indice de precios hoteleros;62,6
2021;Mayo;Almeria;Indice de precios hoteleros;107,3
2021;Mayo;Cadiz;Indice de precios hoteleros;108,0
2021;Mayo;Cordoba;Indice de precios hoteleros;101,1
2021;Mayo;Granada;Indice de precios hoteleros;104,2
2021;Mayo;Jaen;Indice de precios hoteleros;100,9
2021;Mayo;Malaga;Indice de precios hoteleros;150,5
2021;Mayo;Sevilla;Indice de precios hoteleros;118,2
2021;Junio;Almeria;Indice de precios hoteleros;114,9
2021;Junio;Cadiz;Indice de precios hoteleros;110,4
2021;Junio;Cordoba;Indice de precios hoteleros;80,3
2021;Junio;Granada;Indice de precios hoteleros;92,9
2021;Junio;Huelva;Indice de precios hoteleros;119,6
2021;Junio;Jaen;Indice de precios hoteleros;99,8
2021;Junio;Malaga;Indice de precios hoteleros;113,8
2021;Junio;Sevilla;Indice de precios hoteleros;87,2
2021;Julio;Almeria;Indice de precios hoteleros;117,8
2021;Julio;Cadiz;Indice de precios hoteleros;108,8
2021;Julio;Cordoba;Indice de precios hoteleros;95,9
2021;Julio;Granada;Indice de precios hoteleros;106,2
2021;Julio;Huelva;Indice de precios hoteleros;114,8
2021;Julio;Jaen;Indice de precios hoteleros;96,2
2021;Julio;Malaga;Indice de precios hoteleros;121,4
2021;Julio;Sevilla;Indice de precios hoteleros;96,3
2021;Agosto;Almeria;Indice de precios hoteleros;114,9
2021;Agosto;Cadiz;Indice de precios hoteleros;121,3
2021;Agosto;Cordoba;Indice de precios hoteleros;88,6
2021;Agosto;Granada;Indice de precios hoteleros;111,4
2021;Agosto;Huelva;Indice de precios hoteleros;113,8
2021;Agosto;Jaen;Indice de precios hoteleros;101,4
2021;Agosto;Malaga;Indice de precios hoteleros;131,4
2021;Agosto;Sevilla;Indice de precios hoteleros;105,7
2021;Septiembre;Almeria;Indice de precios hoteleros;106,7
2021;Septiembre;Cadiz;Indice de precios hoteleros;104,0
2021;Septiembre;Cordoba;Indice de precios hoteleros;85,2
2021;Septiembre;Granada;Indice de precios hoteleros;99,0
2021;Septiembre;Huelva;Indice de precios hoteleros;112,8
2021;Septiembre;Jaen;Indice de precios hoteleros;99,7
2021;Septiembre;Malaga;Indice de precios hoteleros;120,5
2021;Septiembre;Sevilla;Indice de precios hoteleros;103,7
2021;Octubre;Almeria;Indice de precios hoteleros;110,0
2021;Octubre;Cadiz;Indice de precios hoteleros;101,1
2021;Octubre;Cordoba;Indice de precios hoteleros;100,6
2021;Octubre;Granada;Indice de precios hoteleros;99,3
2021;Octubre;Huelva;Indice de precios hoteleros;116,8
2021;Octubre;Jaen;Indice de precios hoteleros;102,8
2021;Octubre;Malaga;Indice de precios hoteleros;124,9
2021;Octubre;Sevilla;Indice de precios hoteleros;115,0
2021;Noviembre;Almeria;Indice de precios hoteleros;124,2
2021;Noviembre;Cadiz;Indice de precios hoteleros;95,3
2021;Noviembre;Cordoba;Indice de precios hoteleros;93,6
2021;Noviembre;Granada;Indice de precios hoteleros;100,3
2021;Noviembre;Huelva;Indice de precios hoteleros;107,7
2021;Noviembre;Jaen;Indice de precios hoteleros;103,4
2021;Noviembre;Malaga;Indice de precios hoteleros;122,0
2021;Noviembre;Sevilla;Indice de precios hoteleros;114,0
2021;Diciembre;Almeria;Indice de precios hoteleros;125,3
2021;Diciembre;Cadiz;Indice de precios hoteleros;97,7
2021;Diciembre;Cordoba;Indice de precios hoteleros;107,7
2021;Diciembre;Granada;Indice de precios hoteleros;132,5
2021;Diciembre;Huelva;Indice de precios hoteleros;70,1
2021;Diciembre;Jaen;Indice de precios hoteleros;101,5
2021;Diciembre;Malaga;Indice de precios hoteleros;119,1
2021;Diciembre;Sevilla;Indice de precios hoteleros;120,7
2022;Enero;Almeria;Indice de precios hoteleros;109,9
2022;Enero;Cadiz;Indice de precios hoteleros;96,8
2022;Enero;Cordoba;Indice de precios hoteleros;97,6
2022;Enero;Granada;Indice de precios hoteleros;110,3
2022;Enero;Huelva;Indice de precios hoteleros;122,8
2022;Enero;Jaen;Indice de precios hoteleros;97,6
2022;Enero;Malaga;Indice de precios hoteleros;119,8
2022;Enero;Sevilla;Indice de precios hoteleros;102,0
2022;Febrero;Almeria;Indice de precios hoteleros;123,2
2022;Febrero;Cadiz;Indice de precios hoteleros;99,9
2022;Febrero;Cordoba;Indice de precios hoteleros;100,1
2022;Febrero;Granada;Indice de precios hoteleros;118,0
2022;Febrero;Huelva;Indice de precios hoteleros;150,1
2022;Febrero;Jaen;Indice de precios hoteleros;99,0
2022;Febrero;Malaga;Indice de precios hoteleros;120,6
2022;Febrero;Sevilla;Indice de precios hoteleros;104,5
2022;Marzo;Almeria;Indice de precios hoteleros;114,1
2022;Marzo;Cadiz;Indice de precios hoteleros;92,8
2022;Marzo;Cordoba;Indice de precios hoteleros;84,8
2022;Marzo;Granada;Indice de precios hoteleros;114,6
2022;Marzo;Huelva;Indice de precios hoteleros;101,2
2022;Marzo;Jaen;Indice de precios hoteleros;100,7
2022;Marzo;Malaga;Indice de precios hoteleros;123,1
2022;Marzo;Sevilla;Indice de precios hoteleros;90,8
2022;Abril;Almeria;Indice de precios hoteleros;100,5
2022;Abril;Cadiz;Indice de precios hoteleros;116,3
2022;Abril;Cordoba;Indice de precios hoteleros;128,1
2022;Abril;Granada;Indice de precios hoteleros;130,4
2022;Abril;Huelva;Indice de precios hoteleros;121,0
2022;Abril;Jaen;Indice de precios hoteleros;112,4
2022;Abril;Malaga;Indice de precios hoteleros;119,2
2022;Abril;Sevilla;Indice de precios hoteleros;113,5
2022;Mayo;Almeria;Indice de precios hoteleros;114,0
2022;Mayo;Cadiz;Indice de precios hoteleros;125,9
2022;Mayo;Cordoba;Indice de precios hoteleros;150,1
2022;Mayo;Granada;Indice de precios hoteleros;162,9
2022;Mayo;Huelva;Indice de precios hoteleros;99,8
2022;Mayo;Jaen;Indice de precios hoteleros;110,3
2022;Mayo;Malaga;Indice de precios hoteleros;193,7
2022;Mayo;Sevilla;Indice de precios hoteleros;214,5
2022;Junio;Almeria;Indice de precios hoteleros;117,1
2022;Junio;Cadiz;Indice de precios hoteleros;119,6
2022;Junio;Cordoba;Indice de precios hoteleros;98,2
2022;Junio;Granada;Indice de precios hoteleros;114,9
2022;Junio;Huelva;Indice de precios hoteleros;122,2
2022;Junio;Jaen;Indice de precios hoteleros;108,7
2022;Junio;Malaga;Indice de precios hoteleros;146,2
2022;Junio;Sevilla;Indice de precios hoteleros;116,7
2022;Julio;Almeria;Indice de precios hoteleros;131,4
2022;Julio;Cadiz;Indice de precios hoteleros;117,7
2022;Julio;Cordoba;Indice de precios hoteleros;99,8
2022;Julio;Granada;Indice de precios hoteleros;116,2
2022;Julio;Huelva;Indice de precios hoteleros;111,3
2022;Julio;Jaen;Indice de precios hoteleros;102,4
2022;Julio;Malaga;Indice de precios hoteleros;151,9
2022;Julio;Sevilla;Indice de precios hoteleros;111,2
2022;Agosto;Almeria;Indice de precios hoteleros;125,6
2022;Agosto;Cadiz;Indice de precios hoteleros;126,6
2022;Agosto;Cordoba;Indice de precios hoteleros;83,6
2022;Agosto;Granada;Indice de precios hoteleros;113,6
2022;Agosto;Huelva;Indice de precios hoteleros;111,4
2022;Agosto;Jaen;Indice de precios hoteleros;104,9
2022;Agosto;Malaga;Indice de precios hoteleros;148,4
2022;Agosto;Sevilla;Indice de precios hoteleros;112,3
2022;Septiembre;Almeria;Indice de precios hoteleros;113,1
2022;Septiembre;Cadiz;Indice de precios hoteleros;112,0
2022;Septiembre;Cordoba;Indice de precios hoteleros;93,2
2022;Septiembre;Granada;Indice de precios hoteleros;111,3
2022;Septiembre;Huelva;Indice de precios hoteleros;110,8
2022;Septiembre;Jaen;Indice de precios hoteleros;101,8
2022;Septiembre;Malaga;Indice de precios hoteleros;136,0
2022;Septiembre;Sevilla;Indice de precios hoteleros;122,2
2022;Octubre;Almeria;Indice de precios hoteleros;115,8
2022;Octubre;Cadiz;Indice de precios hoteleros;105,6
2022;Octubre;Cordoba;Indice de precios hoteleros;106,2
2022;Octubre;Granada;Indice de precios hoteleros;109,3
2022;Octubre;Huelva;Indice de precios hoteleros;114,2
2022;Octubre;Jaen;Indice de precios hoteleros;105,3
2022;Octubre;Malaga;Indice de precios hoteleros;135,5
2022;Octubre;Sevilla;Indice de precios hoteleros;133,1
2022;Noviembre;Almeria;Indice de precios hoteleros;129,9
2022;Noviembre;Cadiz;Indice de precios hoteleros;97,4
2022;Noviembre;Cordoba;Indice de precios hoteleros;93,2
2022;Noviembre;Granada;Indice de precios hoteleros;107,5
2022;Noviembre;Huelva;Indice de precios hoteleros;112,5
2022;Noviembre;Jaen;Indice de precios hoteleros;104,9
2022;Noviembre;Malaga;Indice de precios hoteleros;128,8
2022;Noviembre;Sevilla;Indice de precios hoteleros;120,3
2022;Diciembre;Almeria;Indice de precios hoteleros;129,9
2022;Diciembre;Cadiz;Indice de precios hoteleros;104,9
2022;Diciembre;Cordoba;Indice de precios hoteleros;111,1
2022;Diciembre;Granada;Indice de precios hoteleros;133,3
2022;Diciembre;Huelva;Indice de precios hoteleros;66,8
2022;Diciembre;Jaen;Indice de precios hoteleros;104,7
2022;Diciembre;Malaga;Indice de precios hoteleros;129,2
2022;Diciembre;Sevilla;Indice de precios hoteleros;121,2
2023;Enero;Almeria;Indice de precios hoteleros;117,0
2023;Enero;Cadiz;Indice de precios hoteleros;103,8
2023;Enero;Cordoba;Indice de precios hoteleros;102,1
2023;Enero;Granada;Indice de precios hoteleros;119,2
2023;Enero;Huelva;Indice de precios hoteleros;127,8
2023;Enero;Jaen;Indice de precios hoteleros;103,1
2023;Enero;Malaga;Indice de precios hoteleros;129,9
2023;Enero;Sevilla;Indice de precios hoteleros;105,5
2023;Febrero;Almeria;Indice de precios hoteleros;130,8
2023;Febrero;Cadiz;Indice de precios hoteleros;108,6
2023;Febrero;Cordoba;Indice de precios hoteleros;97,2
2023;Febrero;Granada;Indice de precios hoteleros;126,6
2023;Febrero;Huelva;Indice de precios hoteleros;164,3
2023;Febrero;Jaen;Indice de precios hoteleros;102,5
2023;Febrero;Malaga;Indice de precios hoteleros;129,9
2023;Febrero;Sevilla;Indice de precios hoteleros;108,1
2023;Marzo;Almeria;Indice de precios hoteleros;124,9
2023;Marzo;Cadiz;Indice de precios hoteleros;100,8
2023;Marzo;Cordoba;Indice de precios hoteleros;89,8
2023;Marzo;Granada;Indice de precios hoteleros;131,4
2023;Marzo;Huelva;Indice de precios hoteleros;105,0
2023;Marzo;Jaen;Indice de precios hoteleros;105,7
2023;Marzo;Malaga;Indice de precios hoteleros;134,1
2023;Marzo;Sevilla;Indice de precios hoteleros;99,0
2023;Abril;Almeria;Indice de precios hoteleros;102,8
2023;Abril;Cadiz;Indice de precios hoteleros;119,0
2023;Abril;Cordoba;Indice de precios hoteleros;137,4
2023;Abril;Granada;Indice de precios hoteleros;147,1
2023;Abril;Huelva;Indice de precios hoteleros;131,2
2023;Abril;Jaen;Indice de precios hoteleros;116,9
2023;Abril;Malaga;Indice de precios hoteleros;132,5
2023;Abril;Sevilla;Indice de precios hoteleros;130,7
2023;Mayo;Almeria;Indice de precios hoteleros;113,6
2023;Mayo;Cadiz;Indice de precios hoteleros;129,7
2023;Mayo;Cordoba;Indice de precios hoteleros;142,0
2023;Mayo;Granada;Indice de precios hoteleros;184,8
2023;Mayo;Huelva;Indice de precios hoteleros;109,6
2023;Mayo;Jaen;Indice de precios hoteleros;115,7
2023;Mayo;Malaga;Indice de precios hoteleros;214,4
2023;Mayo;Sevilla;Indice de precios hoteleros;217,7
2023;Junio;Almeria;Indice de precios hoteleros;121,7
2023;Junio;Cadiz;Indice de precios hoteleros;122,4
2023;Junio;Cordoba;Indice de precios hoteleros;98,7
2023;Junio;Granada;Indice de precios hoteleros;131,8
2023;Junio;Huelva;Indice de precios hoteleros;123,7
2023;Junio;Jaen;Indice de precios hoteleros;114,5
2023;Junio;Malaga;Indice de precios hoteleros;157,8
2023;Junio;Sevilla;Indice de precios hoteleros;115,9
2023;Julio;Almeria;Indice de precios hoteleros;133,8
2023;Julio;Cadiz;Indice de precios hoteleros;119,2
2023;Julio;Cordoba;Indice de precios hoteleros;104,1
2023;Julio;Granada;Indice de precios hoteleros;122,2
2023;Julio;Huelva;Indice de precios hoteleros;116,5
2023;Julio;Jaen;Indice de precios hoteleros;103,4
2023;Julio;Malaga;Indice de precios hoteleros;158,5
2023;Julio;Sevilla;Indice de precios hoteleros;110,9
2023;Agosto;Almeria;Indice de precios hoteleros;129,7
2023;Agosto;Cadiz;Indice de precios hoteleros;127,3
2023;Agosto;Cordoba;Indice de precios hoteleros;84,1
2023;Agosto;Granada;Indice de precios hoteleros;121,1
2023;Agosto;Huelva;Indice de precios hoteleros;111,3
2023;Agosto;Jaen;Indice de precios hoteleros;103,6
2023;Agosto;Malaga;Indice de precios hoteleros;154,2
2023;Agosto;Sevilla;Indice de precios hoteleros;115,4
2023;Septiembre;Almeria;Indice de precios hoteleros;116,7
2023;Septiembre;Cadiz;Indice de precios hoteleros;116,3
2023;Septiembre;Cordoba;Indice de precios hoteleros;94,0
2023;Septiembre;Granada;Indice de precios hoteleros;128,4
2023;Septiembre;Huelva;Indice de precios hoteleros;109,6
2023;Septiembre;Jaen;Indice de precios hoteleros;103,4
2023;Septiembre;Malaga;Indice de precios hoteleros;146,0
2023;Septiembre;Sevilla;Indice de precios hoteleros;133,5
2023;Octubre;Almeria;Indice de precios hoteleros;124,5
2023;Octubre;Cadiz;Indice de precios hoteleros;114,6
2023;Octubre;Cordoba;Indice de precios hoteleros;113,2
2023;Octubre;Granada;Indice de precios hoteleros;125,2
2023;Octubre;Huelva;Indice de precios hoteleros;118,2
2023;Octubre;Jaen;Indice de precios hoteleros;107,5
2023;Octubre;Malaga;Indice de precios hoteleros;152,8
2023;Octubre;Sevilla;Indice de precios hoteleros;146,7
2023;Noviembre;Almeria;Indice de precios hoteleros;140,3
2023;Noviembre;Cadiz;Indice de precios hoteleros;101,4
2023;Noviembre;Cordoba;Indice de precios hoteleros;104,4
2023;Noviembre;Granada;Indice de precios hoteleros;117,4
2023;Noviembre;Huelva;Indice de precios hoteleros;119,3
2023;Noviembre;Jaen;Indice de precios hoteleros;106,5
2023;Noviembre;Malaga;Indice de precios hoteleros;141,9
2023;Noviembre;Sevilla;Indice de precios hoteleros;137,5
2023;Diciembre;Almeria;Indice de precios hoteleros;139,3
2023;Diciembre;Cadiz;Indice de precios hoteleros;114,0
2023;Diciembre;Cordoba;Indice de precios hoteleros;119,7
2023;Diciembre;Granada;Indice de precios hoteleros;153,6
2023;Diciembre;Huelva;Indice de precios hoteleros;76,0
2023;Diciembre;Jaen;Indice de precios hoteleros;109,2
2023;Diciembre;Malaga;Indice de precios hoteleros;150,0
2023;Diciembre;Sevilla;Indice de precios hoteleros;135,5
2024;Enero;Almeria;Indice de precios hoteleros;134,2
2024;Enero;Cadiz;Indice de precios hoteleros;107,8
2024;Enero;Cordoba;Indice de precios hoteleros;105,9
2024;Enero;Granada;Indice de precios hoteleros;124,8
2024;Enero;Huelva;Indice de precios hoteleros;133,2
2024;Enero;Jaen;Indice de precios hoteleros;109,1
2024;Enero;Malaga;Indice de precios hoteleros;140,8
2024;Enero;Sevilla;Indice de precios hoteleros;115,1
2024;Febrero;Almeria;Indice de precios hoteleros;148,0
2024;Febrero;Cadiz;Indice de precios hoteleros;116,3
2024;Febrero;Cordoba;Indice de precios hoteleros;102,1
2024;Febrero;Granada;Indice de precios hoteleros;132,2
2024;Febrero;Huelva;Indice de precios hoteleros;173,4
2024;Febrero;Jaen;Indice de precios hoteleros;105,5
2024;Febrero;Malaga;Indice de precios hoteleros;137,6
2024;Febrero;Sevilla;Indice de precios hoteleros;118,2
2024;Marzo;Almeria;Indice de precios hoteleros;134,1
2024;Marzo;Cadiz;Indice de precios hoteleros;109,8
2024;Marzo;Cordoba;Indice de precios hoteleros;103,5
2024;Marzo;Granada;Indice de precios hoteleros;146,4
2024;Marzo;Huelva;Indice de precios hoteleros;116,3
2024;Marzo;Jaen;Indice de precios hoteleros;116,2
2024;Marzo;Malaga;Indice de precios hoteleros;148,3
2024;Marzo;Sevilla;Indice de precios hoteleros;119,4
2024;Abril;Almeria;Indice de precios hoteleros;97,9
2024;Abril;Cadiz;Indice de precios hoteleros;118,2
2024;Abril;Cordoba;Indice de precios hoteleros;133,3
2024;Abril;Granada;Indice de precios hoteleros;150,1
2024;Abril;Huelva;Indice de precios hoteleros;133,8
2024;Abril;Jaen;Indice de precios hoteleros;115,9
2024;Abril;Malaga;Indice de precios hoteleros;132,4
2024;Abril;Sevilla;Indice de precios hoteleros;137,4
